USE uconnect;

-- INSERTING MOCK DATA FOR Users
USE uconnect;

INSERT INTO User(UserId,FirstName,LastName,Email) VALUES (1,'Enrique','Mirrlees','emirrlees0@google.com.au');
INSERT INTO User(UserId,FirstName,LastName,Email) VALUES (2,'Modesta','Luparti','mluparti1@liveinternet.ru');
INSERT INTO User(UserId,FirstName,LastName,Email) VALUES (3,'Elie','McPaike','emcpaike2@washingtonpost.com');
INSERT INTO User(UserId,FirstName,LastName,Email) VALUES (4,'Lotty','McLeoid','lmcleoid3@usgs.gov');
INSERT INTO User(UserId,FirstName,LastName,Email) VALUES (5,'Karrie','Vowell','kvowell4@phpbb.com');
INSERT INTO User(UserId,FirstName,LastName,Email) VALUES (6,'Winston','Maplethorpe','wmaplethorpe5@hibu.com');
INSERT INTO User(UserId,FirstName,LastName,Email) VALUES (7,'Barbey','Reen','breen6@elegantthemes.com');
INSERT INTO User(UserId,FirstName,LastName,Email) VALUES (8,'Delphinia','Povey','dpovey7@chronoengine.com');
INSERT INTO User(UserId,FirstName,LastName,Email) VALUES (9,'Antoine','Greaves','agreaves8@narod.ru');
INSERT INTO User(UserId,FirstName,LastName,Email) VALUES (10,'Ricky','Wardall','rwardall9@hhs.gov');
INSERT INTO User(UserId,FirstName,LastName,Email) VALUES (11,'Omar','Whyler','owhylera@php.net');
INSERT INTO User(UserId,FirstName,LastName,Email) VALUES (12,'Catha','Gurry','cgurryb@bizjournals.com');
INSERT INTO User(UserId,FirstName,LastName,Email) VALUES (13,'Carey','Poultney','cpoultneyc@youtube.com');
INSERT INTO User(UserId,FirstName,LastName,Email) VALUES (14,'Mathian','Thurber','mthurberd@mlb.com');
INSERT INTO User(UserId,FirstName,LastName,Email) VALUES (15,'Micky','Genthner','mgenthnere@dedecms.com');
INSERT INTO User(UserId,FirstName,LastName,Email) VALUES (16,'Emeline','Radki','eradkif@cbc.ca');
INSERT INTO User(UserId,FirstName,LastName,Email) VALUES (17,'Joellyn','Gibke','jgibkeg@bloglovin.com');
INSERT INTO User(UserId,FirstName,LastName,Email) VALUES (18,'Earle','Maty','ematyh@google.nl');
INSERT INTO User(UserId,FirstName,LastName,Email) VALUES (19,'Hobard','Benazet','hbenazeti@macromedia.com');
INSERT INTO User(UserId,FirstName,LastName,Email) VALUES (20,'Willetta','Annwyl','wannwylj@goodreads.com');
INSERT INTO User(UserId,FirstName,LastName,Email) VALUES (21,'Krissy','Dodgson','kdodgsonk@uiuc.edu');
INSERT INTO User(UserId,FirstName,LastName,Email) VALUES (22,'Minda','Absolon','mabsolonl@clickbank.net');
INSERT INTO User(UserId,FirstName,LastName,Email) VALUES (23,'Lon','Urlich','lurlichm@ox.ac.uk');
INSERT INTO User(UserId,FirstName,LastName,Email) VALUES (24,'Meier','Verrick','mverrickn@trellian.com');
INSERT INTO User(UserId,FirstName,LastName,Email) VALUES (25,'Brandais','Donohue','bdonohueo@shutterfly.com');
INSERT INTO User(UserId,FirstName,LastName,Email) VALUES (26,'Gayla','Sahnow','gsahnowp@gmpg.org');
INSERT INTO User(UserId,FirstName,LastName,Email) VALUES (27,'Gunther','Scolts','gscoltsq@columbia.edu');
INSERT INTO User(UserId,FirstName,LastName,Email) VALUES (28,'Roley','Gerritzen','rgerritzenr@unicef.org');
INSERT INTO User(UserId,FirstName,LastName,Email) VALUES (29,'Marcelo','Castagna','mcastagnas@cloudflare.com');
INSERT INTO User(UserId,FirstName,LastName,Email) VALUES (30,'Janette','Di Bartolomeo','jdibartolomeot@blog.com');
INSERT INTO User(UserId,FirstName,LastName,Email) VALUES (31,'Marlo','Rochford','mrochfordu@google.de');
INSERT INTO User(UserId,FirstName,LastName,Email) VALUES (32,'Gunar','Gyver','ggyverv@harvard.edu');
INSERT INTO User(UserId,FirstName,LastName,Email) VALUES (33,'Olive','Jordeson','ojordesonw@nbcnews.com');
INSERT INTO User(UserId,FirstName,LastName,Email) VALUES (34,'Marylou','Gownge','mgowngex@ox.ac.uk');
INSERT INTO User(UserId,FirstName,LastName,Email) VALUES (35,'Celia','Caldwell','ccaldwelly@un.org');
INSERT INTO User(UserId,FirstName,LastName,Email) VALUES (36,'Rayshell','Greswell','rgreswellz@nba.com');
INSERT INTO User(UserId,FirstName,LastName,Email) VALUES (37,'Joelle','Collough','jcollough10@feedburner.com');
INSERT INTO User(UserId,FirstName,LastName,Email) VALUES (38,'Ogdon','Derdes','oderdes11@ed.gov');
INSERT INTO User(UserId,FirstName,LastName,Email) VALUES (39,'Gypsy','Coultass','gcoultass12@seesaa.net');
INSERT INTO User(UserId,FirstName,LastName,Email) VALUES (40,'Heywood','Infantino','hinfantino13@answers.com');
INSERT INTO User(UserId,FirstName,LastName,Email) VALUES (41,'Richie','McGroarty','rmcgroarty14@arstechnica.com');
INSERT INTO User(UserId,FirstName,LastName,Email) VALUES (42,'Ramsey','Capstick','rcapstick15@wp.com');
INSERT INTO User(UserId,FirstName,LastName,Email) VALUES (43,'Jess','Redfield','jredfield16@prlog.org');
INSERT INTO User(UserId,FirstName,LastName,Email) VALUES (44,'Leicester','Rountree','lrountree17@sun.com');
INSERT INTO User(UserId,FirstName,LastName,Email) VALUES (45,'Beilul','Saltrese','bsaltrese18@sakura.ne.jp');
INSERT INTO User(UserId,FirstName,LastName,Email) VALUES (46,'Orelia','Finker','ofinker19@hugedomains.com');
INSERT INTO User(UserId,FirstName,LastName,Email) VALUES (47,'Onida','Acedo','oacedo1a@typepad.com');
INSERT INTO User(UserId,FirstName,LastName,Email) VALUES (48,'Ruprecht','Magovern','rmagovern1b@dagondesign.com');
INSERT INTO User(UserId,FirstName,LastName,Email) VALUES (49,'Piotr','Eddy','peddy1c@fastcompany.com');
INSERT INTO User(UserId,FirstName,LastName,Email) VALUES (50,'Berti','Floyed','bfloyed1d@github.io');
INSERT INTO User(UserId,FirstName,LastName,Email) VALUES (51,'Ingrid','Mackerel','imackerel1e@telegraph.co.uk');
INSERT INTO User(UserId,FirstName,LastName,Email) VALUES (52,'Thomasine','Docwra','tdocwra1f@wordpress.com');
INSERT INTO User(UserId,FirstName,LastName,Email) VALUES (53,'Arie','Dunleavy','adunleavy1g@icq.com');
INSERT INTO User(UserId,FirstName,LastName,Email) VALUES (54,'Alysia','Soames','asoames1h@yahoo.co.jp');
INSERT INTO User(UserId,FirstName,LastName,Email) VALUES (55,'Whit','Sawyer','wsawyer1i@epa.gov');
INSERT INTO User(UserId,FirstName,LastName,Email) VALUES (56,'Cordula','Battrum','cbattrum1j@jugem.jp');
INSERT INTO User(UserId,FirstName,LastName,Email) VALUES (57,'Tobiah','Crumbleholme','tcrumbleholme1k@salon.com');
INSERT INTO User(UserId,FirstName,LastName,Email) VALUES (58,'Con','Frowen','cfrowen1l@liveinternet.ru');
INSERT INTO User(UserId,FirstName,LastName,Email) VALUES (59,'Ezechiel','Renfree','erenfree1m@hibu.com');
INSERT INTO User(UserId,FirstName,LastName,Email) VALUES (60,'Jilleen','Heinzler','jheinzler1n@wix.com');
INSERT INTO User(UserId,FirstName,LastName,Email) VALUES (61,'Delora','Mulvenna','dmulvenna1o@amazon.de');
INSERT INTO User(UserId,FirstName,LastName,Email) VALUES (62,'Elle','Slatcher','eslatcher1p@tmall.com');
INSERT INTO User(UserId,FirstName,LastName,Email) VALUES (63,'Eran','Keitch','ekeitch1q@usa.gov');
INSERT INTO User(UserId,FirstName,LastName,Email) VALUES (64,'Conroy','Sudddard','csudddard1r@theguardian.com');
INSERT INTO User(UserId,FirstName,LastName,Email) VALUES (65,'Sada','Germon','sgermon1s@aol.com');
INSERT INTO User(UserId,FirstName,LastName,Email) VALUES (66,'Shaine','Casillas','scasillas1t@wordpress.org');
INSERT INTO User(UserId,FirstName,LastName,Email) VALUES (67,'Banky','Gidden','bgidden1u@fda.gov');
INSERT INTO User(UserId,FirstName,LastName,Email) VALUES (68,'Adam','Wandtke','awandtke1v@google.com.hk');
INSERT INTO User(UserId,FirstName,LastName,Email) VALUES (69,'Lennie','Sergean','lsergean1w@cisco.com');
INSERT INTO User(UserId,FirstName,LastName,Email) VALUES (70,'Reeta','Gillum','rgillum1x@marriott.com');
INSERT INTO User(UserId,FirstName,LastName,Email) VALUES (71,'Abigail','Josefer','ajosefer1y@google.ru');
INSERT INTO User(UserId,FirstName,LastName,Email) VALUES (72,'Barn','Stoneman','bstoneman1z@timesonline.co.uk');
INSERT INTO User(UserId,FirstName,LastName,Email) VALUES (73,'Major','D''Alesco','mdalesco20@t-online.de');
INSERT INTO User(UserId,FirstName,LastName,Email) VALUES (74,'Culver','Constanza','cconstanza21@clickbank.net');
INSERT INTO User(UserId,FirstName,LastName,Email) VALUES (75,'Rhys','Kepp','rkepp22@1und1.de');
INSERT INTO User(UserId,FirstName,LastName,Email) VALUES (76,'Horten','Addey','haddey23@sbwire.com');
INSERT INTO User(UserId,FirstName,LastName,Email) VALUES (77,'Matilde','Laws','mlaws24@bigcartel.com');
INSERT INTO User(UserId,FirstName,LastName,Email) VALUES (78,'Guglielmo','Fairrie','gfairrie25@amazon.co.uk');
INSERT INTO User(UserId,FirstName,LastName,Email) VALUES (79,'Beitris','Heinish','bheinish26@sogou.com');
INSERT INTO User(UserId,FirstName,LastName,Email) VALUES (80,'Taylor','Wherry','twherry27@wisc.edu');
INSERT INTO User(UserId,FirstName,LastName,Email) VALUES (81,'Monika','Symms','msymms28@t.co');
INSERT INTO User(UserId,FirstName,LastName,Email) VALUES (82,'Tallie','Morfett','tmorfett29@umich.edu');
INSERT INTO User(UserId,FirstName,LastName,Email) VALUES (83,'Frederic','Warnock','fwarnock2a@issuu.com');
INSERT INTO User(UserId,FirstName,LastName,Email) VALUES (84,'Teresa','Masdin','tmasdin2b@tmall.com');
INSERT INTO User(UserId,FirstName,LastName,Email) VALUES (85,'Elvera','Vasyukhnov','evasyukhnov2c@dot.gov');
INSERT INTO User(UserId,FirstName,LastName,Email) VALUES (86,'Joye','De Simone','jdesimone2d@aboutads.info');
INSERT INTO User(UserId,FirstName,LastName,Email) VALUES (87,'Betteanne','Hollerin','bhollerin2e@xrea.com');
INSERT INTO User(UserId,FirstName,LastName,Email) VALUES (88,'Tab','Flude','tflude2f@vkontakte.ru');
INSERT INTO User(UserId,FirstName,LastName,Email) VALUES (89,'Kirbie','Honisch','khonisch2g@google.fr');
INSERT INTO User(UserId,FirstName,LastName,Email) VALUES (90,'Brit','Glaysher','bglaysher2h@delicious.com');
INSERT INTO User(UserId,FirstName,LastName,Email) VALUES (91,'Germana','Jiles','gjiles2i@cocolog-nifty.com');
INSERT INTO User(UserId,FirstName,LastName,Email) VALUES (92,'Debor','Karsh','dkarsh2j@foxnews.com');
INSERT INTO User(UserId,FirstName,LastName,Email) VALUES (93,'Fancie','Wardlow','fwardlow2k@springer.com');
INSERT INTO User(UserId,FirstName,LastName,Email) VALUES (94,'Willyt','Govenlock','wgovenlock2l@telegraph.co.uk');
INSERT INTO User(UserId,FirstName,LastName,Email) VALUES (95,'Anastasie','Megainey','amegainey2m@nsw.gov.au');
INSERT INTO User(UserId,FirstName,LastName,Email) VALUES (96,'Ashil','Ottee','aottee2n@gov.uk');
INSERT INTO User(UserId,FirstName,LastName,Email) VALUES (97,'Reinold','Coronado','rcoronado2o@bloglines.com');
INSERT INTO User(UserId,FirstName,LastName,Email) VALUES (98,'Standford','Kinner','skinner2p@amazon.com');
INSERT INTO User(UserId,FirstName,LastName,Email) VALUES (99,'Russ','Rump','rrump2q@studiopress.com');
INSERT INTO User(UserId,FirstName,LastName,Email) VALUES (100,'Zita','Rothermel','zrothermel2r@zimbio.com');
INSERT INTO User(UserId,FirstName,LastName,Email) VALUES (101,'Stephen','Pyke','spyke2s@loc.gov');
INSERT INTO User(UserId,FirstName,LastName,Email) VALUES (102,'Leopold','Conibere','lconibere2t@mit.edu');
INSERT INTO User(UserId,FirstName,LastName,Email) VALUES (103,'Francene','Di Napoli','fdinapoli2u@auda.org.au');
INSERT INTO User(UserId,FirstName,LastName,Email) VALUES (104,'Filia','Isaksen','fisaksen2v@vinaora.com');
INSERT INTO User(UserId,FirstName,LastName,Email) VALUES (105,'Orlan','Keuntje','okeuntje2w@china.com.cn');
INSERT INTO User(UserId,FirstName,LastName,Email) VALUES (106,'Elsie','Clooney','eclooney2x@cargocollective.com');
INSERT INTO User(UserId,FirstName,LastName,Email) VALUES (107,'Blakeley','Dearnley','bdearnley2y@harvard.edu');
INSERT INTO User(UserId,FirstName,LastName,Email) VALUES (108,'Jeno','Philimore','jphilimore2z@infoseek.co.jp');
INSERT INTO User(UserId,FirstName,LastName,Email) VALUES (109,'Mallory','Beeres','mbeeres30@ucoz.com');
INSERT INTO User(UserId,FirstName,LastName,Email) VALUES (110,'Ilse','Gellan','igellan31@miibeian.gov.cn');
INSERT INTO User(UserId,FirstName,LastName,Email) VALUES (111,'Sofie','Germain','sgermain32@google.com');
INSERT INTO User(UserId,FirstName,LastName,Email) VALUES (112,'Dunstan','Mc Caughan','dmccaughan33@sogou.com');
INSERT INTO User(UserId,FirstName,LastName,Email) VALUES (113,'Kerry','Habble','khabble34@histats.com');
INSERT INTO User(UserId,FirstName,LastName,Email) VALUES (114,'Bobbi','Rignall','brignall35@intel.com');
INSERT INTO User(UserId,FirstName,LastName,Email) VALUES (115,'Cleve','Stillwell','cstillwell36@washington.edu');
INSERT INTO User(UserId,FirstName,LastName,Email) VALUES (116,'Elihu','Bromwich','ebromwich37@t.co');
INSERT INTO User(UserId,FirstName,LastName,Email) VALUES (117,'Crystie','Keppin','ckeppin38@sciencedaily.com');
INSERT INTO User(UserId,FirstName,LastName,Email) VALUES (118,'Susannah','Rubinchik','srubinchik39@discovery.com');

-- INSERTING MOCK DATA FOR ADVISORS
INSERT INTO Advisor(UserID, AdvisorID, FirstName, LastName, College, Email, Phone, IsActive, LastLogin) VALUES (31, 1, 'Claudius', 'Nolder', 'Khoury College of Computer Sciences', 'cnolder5@hubpages.com', '810-697-1889', true, '2024-05-05');
INSERT INTO Advisor(UserID, AdvisorID, FirstName, LastName, College, Email, Phone, IsActive, LastLogin) VALUES (32, 2, 'Jarret', 'Sinisbury', 'College of Social Sciences and Humanities', 'jsinisbury1@imgur.com', '922-432-7107', true, '2024-9-9');
INSERT INTO Advisor(UserID, AdvisorID, FirstName, LastName, College, Email, Phone, IsActive, LastLogin) VALUES (33, 3, 'Franchot', 'Loveland', 'Bouvé College of Health Sciences', 'floveland2@salon.com', '195-124-6824', true, '2024-11-30');
INSERT INTO Advisor(UserID, AdvisorID, FirstName, LastName, College, Email, Phone, IsActive, LastLogin) VALUES (34, 4, 'Becka', 'Von Welldun', 'D\'Amor McKim Business School', 'bvonwelldun4@ehow.com', '704-253-7063', true, '2024-1-15');
INSERT INTO Advisor(UserID, AdvisorID, FirstName, LastName, College, Email, Phone, IsActive, LastLogin) VALUES (35, 5, 'Rob', 'McGlew', 'Media', 'rmcglew7@stumbleupon.com', '378-572-2936', true, '2024-3-18');
INSERT INTO Advisor(UserID, AdvisorID, FirstName, LastName, College, Email, Phone, IsActive, LastLogin) VALUES (36, 6, 'Richy', 'Collcott', 'Khoury College of Computer Sciences', 'rcollcott8@symantec.com', '223-149-5962', true, '2024-4-20');
INSERT INTO Advisor(UserID, AdvisorID, FirstName, LastName, College, Email, Phone, IsActive, LastLogin) VALUES (37, 7, 'Carlin', 'Volonte', 'Media', 'cvolonteg@nymag.com', '482-832-8466', true, '2024-8-16');
INSERT INTO Advisor(UserID, AdvisorID, FirstName, LastName, College, Email, Phone, IsActive, LastLogin) VALUES (38, 8, 'Karl', 'Petrov', 'College of Arts', 'kpetrova@shutterfly.com', '937-703-6083', true, '2024-1-20');
INSERT INTO Advisor(UserID, AdvisorID, FirstName, LastName, College, Email, Phone, IsActive, LastLogin) VALUES (39, 9, 'Dannye', 'Marcu', 'Khoury College of Computer Sciences', 'dmarcuh@virginia.edu', '797-362-7023', true, '2024-6-21');
INSERT INTO Advisor(UserID, AdvisorID, FirstName, LastName, College, Email, Phone, IsActive, LastLogin) VALUES (40, 10, 'Gordy', 'Plevey', 'D\'Amor McKim Business School', 'gpleveyi@ehow.com', '904-644-8585', true, '2024-1-9');
INSERT INTO Advisor(UserID, AdvisorID, FirstName, LastName, College, Email, Phone, IsActive, LastLogin) VALUES (41, 11, 'Amity', 'Marzele', 'Media', 'amarzelej@salon.com', '651-644-6348', true, '2024-7-9');
INSERT INTO Advisor(UserID, AdvisorID, FirstName, LastName, College, Email, Phone, IsActive, LastLogin) VALUES (42, 12, 'Horatio', 'Wagen', 'College of Arts', 'hwagenk@dyndns.org', '105-719-8504', true, '2024-8-10');
INSERT INTO Advisor(UserID, AdvisorID, FirstName, LastName, College, Email, Phone, IsActive, LastLogin) VALUES (43, 13, 'Johnny', 'Brixey', 'College of Arts', 'jbrixeyl@shop-pro.jp', '683-332-0695', true, '2024-9-28');
INSERT INTO Advisor(UserID, AdvisorID, FirstName, LastName, College, Email, Phone, IsActive, LastLogin) VALUES (44, 14, 'Anica', 'Duffie', 'Media', 'aduffier@state.gov', '463-792-0916', true, '2023-12-26');
INSERT INTO Advisor(UserID, AdvisorID, FirstName, LastName, College, Email, Phone, IsActive, LastLogin) VALUES (45, 15, 'Hillel', 'Beart', 'College of Engineering', 'hbearts@nydailynews.com', '708-122-8607', true, '2024-2-5');
INSERT INTO Advisor(UserID, AdvisorID, FirstName, LastName, College, Email, Phone, IsActive, LastLogin) VALUES (46, 16, 'Windy', 'Amys', 'Khoury College of Computer Sciences', 'wamysm@timesonline.co.uk', '415-124-5140', true, '2024-5-27');
INSERT INTO Advisor(UserID, AdvisorID, FirstName, LastName, College, Email, Phone, IsActive, LastLogin) VALUES (47, 17, 'Hester', 'Simunek', 'and Design', 'hsimuneke@tripod.com', '383-123-2523', true, '2023-12-15');
INSERT INTO Advisor(UserID, AdvisorID, FirstName, LastName, College, Email, Phone, IsActive, LastLogin) VALUES (48, 18, 'Tomlin', 'Stailey', 'and Design', 'tstaileyf@pinterest.com', '291-392-0480', true, '2024-4-18');
INSERT INTO Advisor(UserID, AdvisorID, FirstName, LastName, College, Email, Phone, IsActive, LastLogin) VALUES (49, 19, 'Cynde', 'Hansen', 'College of Engineering', 'chansent@livejournal.com', '396-163-0935', true, '2024-2-3');
INSERT INTO Advisor(UserID, AdvisorID, FirstName, LastName, College, Email, Phone, IsActive, LastLogin) VALUES (50, 20, 'Colas', 'Rodrigues', 'College of Engineering', 'crodrigues3@ustream.tv', '458-850-1692', true, '2024-4-8');
INSERT INTO Advisor(UserID, AdvisorID, FirstName, LastName, College, Email, Phone, IsActive, LastLogin) VALUES (51, 21, 'Caresse', 'Gregh', 'College of Sciences', 'cgreghc@imdb.com', '661-716-3255', true, '2024-2-15');
INSERT INTO Advisor(UserID, AdvisorID, FirstName, LastName, College, Email, Phone, IsActive, LastLogin) VALUES (52, 22, 'Sherilyn', 'Boakes', 'College of Social Sciences and Humanities', 'sboakesd@cpanel.net', '171-385-4339', true, '2024-7-2');
INSERT INTO Advisor(UserID, AdvisorID, FirstName, LastName, College, Email, Phone, IsActive, LastLogin) VALUES (53, 23, 'Jemimah', 'Davenell', 'College of Engineering', 'jdavenell9@cbslocal.com', '457-323-6298', true, '2024-6-15');
INSERT INTO Advisor(UserID, AdvisorID, FirstName, LastName, College, Email, Phone, IsActive, LastLogin) VALUES (54, 24, 'Loralyn', 'Cregeen', 'D\'Amor McKim Business School', 'lcregeeno@twitpic.com', '599-648-7929', true, '2024-10-28');
INSERT INTO Advisor(UserID, AdvisorID, FirstName, LastName, College, Email, Phone, IsActive, LastLogin) VALUES (55, 25, 'Alexio', 'Binch', 'College of Arts', 'abinchp@wikipedia.org', '788-340-7142', true, '2024-4-20');
INSERT INTO Advisor(UserID, AdvisorID, FirstName, LastName, College, Email, Phone, IsActive, LastLogin) VALUES (56, 26, 'Carleton', 'Larrosa', 'D\'Amor McKim Business School', 'clarrosaq@icio.us', '563-455-9998', true, '2023-12-13');
INSERT INTO Advisor(UserID, AdvisorID, FirstName, LastName, College, Email, Phone, IsActive, LastLogin) VALUES (57, 27, 'Ketti', 'Lyles', 'College of Arts', 'klylesr@themeforest.net', '869-182-6072', true, '2024-11-4');
INSERT INTO Advisor(UserID, AdvisorID, FirstName, LastName, College, Email, Phone, IsActive, LastLogin) VALUES (58, 28, 'Dov', 'Moffat', 'Khoury College of Computer Sciences', 'dmoffats@seattletimes.com', '327-289-2703', true, '2024-8-5');
INSERT INTO Advisor(UserID, AdvisorID, FirstName, LastName, College, Email, Phone, IsActive, LastLogin) VALUES (59, 29, 'Lyndsey', 'Gabbott', 'College of Engineering', 'lgabbottu@hibu.com', '190-758-0732', true, '2024-6-9');
INSERT INTO Advisor(UserID, AdvisorID, FirstName, LastName, College, Email, Phone, IsActive, LastLogin) VALUES (60, 30, 'Iva', 'MacArdell', 'Bouvé College of Health Sciences', 'imacardellv@is.gd', '794-330-9112', true, '2024-11-3');

-- INSERTING MOCK DATA FOR Courses
INSERT INTO Courses(CoursesId,Name,Professor,Description,AverageRating,IsActive) VALUES (1,'Introduction to Biology','Schuyler Chasemoore','A foundational course exploring biological principles and systems.',1.77,true);
INSERT INTO Courses(CoursesId,Name,Professor,Description,AverageRating,IsActive) VALUES (2,'History of Art','Megan Burgisi','A survey of artistic movements, styles, and historical significance.',1.53,true);
INSERT INTO Courses(CoursesId,Name,Professor,Description,AverageRating,IsActive) VALUES (3,'Statistics 101','Basile Jaffrey','An introductory course on statistical methods and data analysis.',3.9,true);
INSERT INTO Courses(CoursesId,Name,Professor,Description,AverageRating,IsActive) VALUES (4,'Creative Writing Workshop','Cozmo Mose','A workshop-focused class for developing creative writing skills.',2.68,true);
INSERT INTO Courses(CoursesId,Name,Professor,Description,AverageRating,IsActive) VALUES (5,'Computer Science Fundamentals','Alexandros Lowrey','An overview of essential computer science concepts and programming.',1.16,true);
INSERT INTO Courses(CoursesId,Name,Professor,Description,AverageRating,IsActive) VALUES (6,'Psychology of Human Behavior','Mervin Stroulger','An exploration of psychological theories and human behavior patterns.',3.6,true);
INSERT INTO Courses(CoursesId,Name,Professor,Description,AverageRating,IsActive) VALUES (7,'Economics for Beginners','Lyn Kittless','An introduction to basic economic principles and applications.',4.21,true);
INSERT INTO Courses(CoursesId,Name,Professor,Description,AverageRating,IsActive) VALUES (8,'Spanish Language Basics','Sayres Frank','A beginner course for learning Spanish vocabulary and grammar.',4.83,true);
INSERT INTO Courses(CoursesId,Name,Professor,Description,AverageRating,IsActive) VALUES (9,'Music Theory Fundamentals','Barrie Toleman','An introduction to the principles of music theory and composition.',4.52,true);
INSERT INTO Courses(CoursesId,Name,Professor,Description,AverageRating,IsActive) VALUES (10,'Physical Fitness and Wellness','Sylas Book','A course promoting physical fitness and overall wellness strategies.',1.59,true);
INSERT INTO Courses(CoursesId,Name,Professor,Description,AverageRating,IsActive) VALUES (11,'Environmental Science Exploration','Lisle Decroix','An exploration of environmental systems and sustainability topics.',1.87,true);
INSERT INTO Courses(CoursesId,Name,Professor,Description,AverageRating,IsActive) VALUES (12,'Introduction to Philosophy','Connie Maccaddie','An introductory course on philosophical thought and key figures.',2.22,true);
INSERT INTO Courses(CoursesId,Name,Professor,Description,AverageRating,IsActive) VALUES (13,'Marketing Strategies','Sabina Wigginton','A study of effective marketing techniques and campaign strategies.',2.73,true);
INSERT INTO Courses(CoursesId,Name,Professor,Description,AverageRating,IsActive) VALUES (14,'Nutrition and Health','Loralie Fontenot','An overview of nutrition principles and their impact on health.',3.15,true);
INSERT INTO Courses(CoursesId,Name,Professor,Description,AverageRating,IsActive) VALUES (15,'Public Speaking Mastery','Jade Frearson','A course designed to enhance public speaking and presentation skills.',4.57,true);
INSERT INTO Courses(CoursesId,Name,Professor,Description,AverageRating,IsActive) VALUES (16,'Introduction to Astronomy','Susanna Pashby','A study of celestial phenomena and the universe.',3.78,true);
INSERT INTO Courses(CoursesId,Name,Professor,Description,AverageRating,IsActive) VALUES (17,'Engineering Design Principles','Ardys Rylstone','An introduction to design concepts and problem-solving in engineering.',3.43,true);
INSERT INTO Courses(CoursesId,Name,Professor,Description,AverageRating,IsActive) VALUES (18,'Literature and Film Analysis','Temple Georgiev','An analysis of literary themes as portrayed in film adaptations.',2.84,true);
INSERT INTO Courses(CoursesId,Name,Professor,Description,AverageRating,IsActive) VALUES (19,'Political Science Essentials','Cooper Spelsbury','A foundational course in political systems and governance.',2.38,true);
INSERT INTO Courses(CoursesId,Name,Professor,Description,AverageRating,IsActive) VALUES (20,'Mathematics for Everyday Life','Cora Lyttle','Applying mathematical principles to real-world scenarios.',3.24,true);
INSERT INTO Courses(CoursesId,Name,Professor,Description,AverageRating,IsActive) VALUES (21,'Introduction to Sociology','Chico Ferre','An exploration of societal structures and cultural interactions.',4.16,true);
INSERT INTO Courses(CoursesId,Name,Professor,Description,AverageRating,IsActive) VALUES (22,'Business Ethics and Leadership','Lona Brooksbie','A study of ethical decision-making and leadership in business.',1.45,true);
INSERT INTO Courses(CoursesId,Name,Professor,Description,AverageRating,IsActive) VALUES (23,'Digital Photography Techniques','Sisely Morrish','A practical guide to mastering digital photography tools and techniques.',2.07,true);
INSERT INTO Courses(CoursesId,Name,Professor,Description,AverageRating,IsActive) VALUES (24,'Culinary Arts Fundamentals','Margalo Strafen','An introduction to culinary skills and techniques for beginners.',1.88,true);
INSERT INTO Courses(CoursesId,Name,Professor,Description,AverageRating,IsActive) VALUES (25,'Fashion Design Basics','Charlena Garfoot','A foundational course in fashion design and garment creation.',3.77,true);
INSERT INTO Courses(CoursesId,Name,Professor,Description,AverageRating,IsActive) VALUES (26,'Interior Design Principles','Gerti Mansell','An overview of principles for designing interior spaces.',2.58,true);
INSERT INTO Courses(CoursesId,Name,Professor,Description,AverageRating,IsActive) VALUES (27,'Introduction to Acting','Josefina Hindhaugh','A beginner course in acting techniques and performance.',1.79,true);
INSERT INTO Courses(CoursesId,Name,Professor,Description,AverageRating,IsActive) VALUES (28,'Web Development Fundamentals','Fannie Eslie','An introduction to building and designing websites.',1.9,true);
INSERT INTO Courses(CoursesId,Name,Professor,Description,AverageRating,IsActive) VALUES (29,'Graphic Design Essentials','Way Crowdson','A study of graphic design tools and creative processes.',2.99,true);
INSERT INTO Courses(CoursesId,Name,Professor,Description,AverageRating,IsActive) VALUES (30,'Introduction to World Religions','Constantine Gibard','A comparative study of world religions and their practices.',2.43,true);
INSERT INTO Courses(CoursesId,Name,Professor,Description,AverageRating,IsActive) VALUES (31,'Personal Finance Management','Holden Wisden','A course on managing personal finances and financial planning.',1.58,true);
INSERT INTO Courses(CoursesId,Name,Professor,Description,AverageRating,IsActive) VALUES (32,'Introduction to Geology','Ardeen Sallans','A study of Earth"s materials, processes, and history.',3.07,true);
INSERT INTO Courses(CoursesId,Name,Professor,Description,AverageRating,IsActive) VALUES (33,'Foreign Language Conversation Practice','Elva Cornehl','A practical course to enhance fluency in a foreign language.',1.4,true);
INSERT INTO Courses(CoursesId,Name,Professor,Description,AverageRating,IsActive) VALUES (34,'Introduction to Anthropology','Jaquelin Hards','A study of human cultures, societies, and their development.',4.03,true);
INSERT INTO Courses(CoursesId,Name,Professor,Description,AverageRating,IsActive) VALUES (35,'Introduction to Biology','Ransell Polfer','A foundational course exploring biological principles and systems.',2.27,true);


-- INSERTING MOCK DATA FOR Reviews
INSERT INTO Review(ReviewID, Name, AuthorID, Title, Rating, Content) VALUES (1, 'lmathews0', 6, 'tpridie0@disqus.com', 2.5, 'Great course');
INSERT INTO Review(ReviewID, Name, AuthorID, Title, Rating, Content) VALUES (2, 'tklasen1', 8, 'aeglese1@reverbnation.com', 5, 'highly recommend!');
INSERT INTO Review(ReviewID, Name, AuthorID, Title, Rating, Content) VALUES (3, 'ralennikov2', 2, 'aerwin2@t.co', 4, 'Average course');
INSERT INTO Review(ReviewID, Name, AuthorID, Title, Rating, Content) VALUES (4, 'bleggen3', 65, 'mhobbing3@ebay.co.uk', 1, 'highly recommend!');
INSERT INTO Review(ReviewID, Name, AuthorID, Title, Rating, Content) VALUES (5, 'nstansbury4', 5, 'phandrek4@myspace.com', 3.5, 'highly recommend!');
INSERT INTO Review(ReviewID, Name, AuthorID, Title, Rating, Content) VALUES (6, 'craven5', 4, 'ethews5@lycos.com', 1.5, 'Average course');
INSERT INTO Review(ReviewID, Name, AuthorID, Title, Rating, Content) VALUES (7, 'bconnichie6', 16, 'lguillond6@pagesperso-orange.fr', 4.5, 'could be better.');
INSERT INTO Review(ReviewID, Name, AuthorID, Title, Rating, Content) VALUES (8, 'bbish7', 15, 'tmcalpine7@cornell.edu', 5, 'Great course');
INSERT INTO Review(ReviewID, Name, AuthorID, Title, Rating, Content) VALUES (9, 'mflowitt8', 26, 'ychestnut8@hc360.com', 3, 'Terrible course');
INSERT INTO Review(ReviewID, Name, AuthorID, Title, Rating, Content) VALUES (10, 'cgaule9', 23, 'nvandenvelden9@shareasale.com', 2, 'Great course');
INSERT INTO Review(ReviewID, Name, AuthorID, Title, Rating, Content) VALUES (11, 'smanntschkea', 1, 'bhumerstonea@xrea.com', 3, 'Great course');
INSERT INTO Review(ReviewID, Name, AuthorID, Title, Rating, Content) VALUES (12, 'tchiecob', 28, 'kskillingsb@networksolutions.com', 1, 'could be better.');
INSERT INTO Review(ReviewID, Name, AuthorID, Title, Rating, Content) VALUES (13, 'vchawkleyc', 1, 'ncallanderc@squarespace.com', 1.5, 'Terrible course');
INSERT INTO Review(ReviewID, Name, AuthorID, Title, Rating, Content) VALUES (14, 'rwynnd', 5, 'khandslipd@friendfeed.com', 3.5, 'could be better.');
INSERT INTO Review(ReviewID, Name, AuthorID, Title, Rating, Content) VALUES (15, 'plehrere', 17, 'mdortone@arizona.edu', 5, 'highly recommend!');
INSERT INTO Review(ReviewID, Name, AuthorID, Title, Rating, Content) VALUES (16, 'pgarbottf', 17, 'cgierckf@yahoo.co.jp', 3.5, 'could be better.');
INSERT INTO Review(ReviewID, Name, AuthorID, Title, Rating, Content) VALUES (17, 'mlenschg', 25, 'cantoszczykg@virginia.edu', 1, 'could be better.');
INSERT INTO Review(ReviewID, Name, AuthorID, Title, Rating, Content) VALUES (18, 'clyenyngh', 22, 'xstammerh@geocities.jp', 2, 'could be better.');
INSERT INTO Review(ReviewID, Name, AuthorID, Title, Rating, Content) VALUES (19, 'edarkotti', 15, 'khardwarei@google.es', 3, 'waste of time and money.');
INSERT INTO Review(ReviewID, Name, AuthorID, Title, Rating, Content) VALUES (20, 'htalj', 71, 'rhundeyj@purevolume.com', 4.5, 'Average course');
INSERT INTO Review(ReviewID, Name, AuthorID, Title, Rating, Content) VALUES (21, 'jpettigreek', 66, 'pdyterk@addthis.com', 1, 'highly recommend!');
INSERT INTO Review(ReviewID, Name, AuthorID, Title, Rating, Content) VALUES (22, 'rditterl', 82, 'cbarefootl@dyndns.org', 4, 'Great course');
INSERT INTO Review(ReviewID, Name, AuthorID, Title, Rating, Content) VALUES (23, 'rsandsallanm', 18, 'sstodhartm@dot.gov', 2.5, 'Average course');
INSERT INTO Review(ReviewID, Name, AuthorID, Title, Rating, Content) VALUES (24, 'apartonn', 20, 'frankingn@vistaprint.com', 3.5, 'Great course');
INSERT INTO Review(ReviewID, Name, AuthorID, Title, Rating, Content) VALUES (25, 'snibleyo', 1, 'broddero@mapy.cz', 2, 'Great course');
INSERT INTO Review(ReviewID, Name, AuthorID, Title, Rating, Content) VALUES (26, 'jslorancep', 11, 'gnorewoodp@adobe.com', 5, 'Average course');
INSERT INTO Review(ReviewID, Name, AuthorID, Title, Rating, Content) VALUES (27, 'hlowbridgeq', 12, 'egermainq@europa.eu', 3, 'waste of time and money.');
INSERT INTO Review(ReviewID, Name, AuthorID, Title, Rating, Content) VALUES (28, 'oweskerr', 18, 'dnormadellr@photobucket.com', 1.5, 'highly recommend!');
INSERT INTO Review(ReviewID, Name, AuthorID, Title, Rating, Content) VALUES (29, 'mmcgrouthers', 4, 'rseacrofts@barnesandnoble.com', 1.5, 'Terrible course');
INSERT INTO Review(ReviewID, Name, AuthorID, Title, Rating, Content) VALUES (30, 'sboughtont', 19, 'lmendust@meetup.com', 3.5, 'Great course');
INSERT INTO Review(ReviewID, Name, AuthorID, Title, Rating, Content) VALUES (31, 'emceneryu', 16, 'uburchellu@slashdot.org', 3.5, 'waste of time and money.');
INSERT INTO Review(ReviewID, Name, AuthorID, Title, Rating, Content) VALUES (32, 'cmullinv', 27, 'bskulev@si.edu', 3.5, 'Average course');
INSERT INTO Review(ReviewID, Name, AuthorID, Title, Rating, Content) VALUES (33, 'jfawderyw', 18, 'kduchesnew@chron.com', 4.5, 'waste of time and money.');
INSERT INTO Review(ReviewID, Name, AuthorID, Title, Rating, Content) VALUES (34, 'ohoffnerx', 4, 'mmanuelyx@usa.gov', 4, 'Average course');
INSERT INTO Review(ReviewID, Name, AuthorID, Title, Rating, Content) VALUES (35, 'tjanseny', 15, 'sarnally@skyrock.com', 1, 'Great course');
INSERT INTO Review(ReviewID, Name, AuthorID, Title, Rating, Content) VALUES (36, 'dlarkinz', 65, 'mivashkovz@privacy.gov.au', 4.5, 'highly recommend!');
INSERT INTO Review(ReviewID, Name, AuthorID, Title, Rating, Content) VALUES (37, 'jswateridge10', 4, 'rtwist10@nifty.com', 4, 'could be better.');
INSERT INTO Review(ReviewID, Name, AuthorID, Title, Rating, Content) VALUES (38, 'rogiany11', 2, 'afriedlos11@t-online.de', 1.5, 'highly recommend!');
INSERT INTO Review(ReviewID, Name, AuthorID, Title, Rating, Content) VALUES (39, 'mbyforth12', 26, 'ijulyan12@walmart.com', 1.5, 'Average course');
INSERT INTO Review(ReviewID, Name, AuthorID, Title, Rating, Content) VALUES (40, 'slichfield13', 3, 'cbrisse13@biblegateway.com', 1.5, 'Terrible course');

-- INSERTING MOCK DATA FOR Reviews Made
INSERT INTO Reviews_Made(CoursesID,ReviewID) VALUES (35,1);
INSERT INTO Reviews_Made(CoursesID,ReviewID) VALUES (11,2);
INSERT INTO Reviews_Made(CoursesID,ReviewID) VALUES (3,3);
INSERT INTO Reviews_Made(CoursesID,ReviewID) VALUES (9,4);
INSERT INTO Reviews_Made(CoursesID,ReviewID) VALUES (22,5);
INSERT INTO Reviews_Made(CoursesID,ReviewID) VALUES (4,6);
INSERT INTO Reviews_Made(CoursesID,ReviewID) VALUES (2,7);
INSERT INTO Reviews_Made(CoursesID,ReviewID) VALUES (34,8);
INSERT INTO Reviews_Made(CoursesID,ReviewID) VALUES (21,9);
INSERT INTO Reviews_Made(CoursesID,ReviewID) VALUES (3,10);
INSERT INTO Reviews_Made(CoursesID,ReviewID) VALUES (11,11);
INSERT INTO Reviews_Made(CoursesID,ReviewID) VALUES (26,12);
INSERT INTO Reviews_Made(CoursesID,ReviewID) VALUES (6,13);
INSERT INTO Reviews_Made(CoursesID,ReviewID) VALUES (7,14);
INSERT INTO Reviews_Made(CoursesID,ReviewID) VALUES (34,15);
INSERT INTO Reviews_Made(CoursesID,ReviewID) VALUES (22,16);
INSERT INTO Reviews_Made(CoursesID,ReviewID) VALUES (23,17);
INSERT INTO Reviews_Made(CoursesID,ReviewID) VALUES (25,18);
INSERT INTO Reviews_Made(CoursesID,ReviewID) VALUES (30,19);
INSERT INTO Reviews_Made(CoursesID,ReviewID) VALUES (13,20);
INSERT INTO Reviews_Made(CoursesID,ReviewID) VALUES (27,21);
INSERT INTO Reviews_Made(CoursesID,ReviewID) VALUES (33,22);
INSERT INTO Reviews_Made(CoursesID,ReviewID) VALUES (2,23);
INSERT INTO Reviews_Made(CoursesID,ReviewID) VALUES (20,24);
INSERT INTO Reviews_Made(CoursesID,ReviewID) VALUES (13,25);
INSERT INTO Reviews_Made(CoursesID,ReviewID) VALUES (3,26);
INSERT INTO Reviews_Made(CoursesID,ReviewID) VALUES (29,27);
INSERT INTO Reviews_Made(CoursesID,ReviewID) VALUES (24,28);
INSERT INTO Reviews_Made(CoursesID,ReviewID) VALUES (14,29);
INSERT INTO Reviews_Made(CoursesID,ReviewID) VALUES (23,30);
INSERT INTO Reviews_Made(CoursesID,ReviewID) VALUES (16,31);
INSERT INTO Reviews_Made(CoursesID,ReviewID) VALUES (17,32);
INSERT INTO Reviews_Made(CoursesID,ReviewID) VALUES (21,33);
INSERT INTO Reviews_Made(CoursesID,ReviewID) VALUES (18,34);
INSERT INTO Reviews_Made(CoursesID,ReviewID) VALUES (25,35);
INSERT INTO Reviews_Made(CoursesID,ReviewID) VALUES (25,36);
INSERT INTO Reviews_Made(CoursesID,ReviewID) VALUES (5,37);
INSERT INTO Reviews_Made(CoursesID,ReviewID) VALUES (11,38);
INSERT INTO Reviews_Made(CoursesID,ReviewID) VALUES (17,39);
INSERT INTO Reviews_Made(CoursesID,ReviewID) VALUES (19,40);


-- INSERTING MOCK DATA FOR Company
INSERT INTO Company(Name,Location,Industry,CompanyID) VALUES ('Fidelity Investments','San Diego','Hospitality','169');
INSERT INTO Company(Name,Location,Industry,CompanyID) VALUES ('Harvard University','San Jose','Manufacturing','654');
INSERT INTO Company(Name,Location,Industry,CompanyID) VALUES ('Fidelity Investments','San Jose','Transportation','142');
INSERT INTO Company(Name,Location,Industry,CompanyID) VALUES ('Harvard University','Chicago','Manufacturing','345');
INSERT INTO Company(Name,Location,Industry,CompanyID) VALUES ('Fidelity Investments','Dallas','Entertainment','181');
INSERT INTO Company(Name,Location,Industry,CompanyID) VALUES ('Massachusetts General Hospital','New York','Technology','899');
INSERT INTO Company(Name,Location,Industry,CompanyID) VALUES ('Wayfair','Los Angeles','Education','830');
INSERT INTO Company(Name,Location,Industry,CompanyID) VALUES ('Massachusetts General Hospital','Philadelphia','Transportation','520');
INSERT INTO Company(Name,Location,Industry,CompanyID) VALUES ('Boston Consulting Group','Dallas','Hospitality','382');
INSERT INTO Company(Name,Location,Industry,CompanyID) VALUES ('Boston Consulting Group','San Diego','Manufacturing','863');
INSERT INTO Company(Name,Location,Industry,CompanyID) VALUES ('Wayfair','Houston','Healthcare','129');
INSERT INTO Company(Name,Location,Industry,CompanyID) VALUES ('Fidelity Investments','Philadelphia','Education','917');
INSERT INTO Company(Name,Location,Industry,CompanyID) VALUES ('Fidelity Investments','Chicago','Construction','999');
INSERT INTO Company(Name,Location,Industry,CompanyID) VALUES ('Wayfair','San Jose','Retail','952');
INSERT INTO Company(Name,Location,Industry,CompanyID) VALUES ('Wayfair','San Antonio','Entertainment','235');
INSERT INTO Company(Name,Location,Industry,CompanyID) VALUES ('Boston Consulting Group','Chicago','Technology','536');
INSERT INTO Company(Name,Location,Industry,CompanyID) VALUES ('Boston Consulting Group','Houston','Hospitality','710');
INSERT INTO Company(Name,Location,Industry,CompanyID) VALUES ('Wayfair','Houston','Transportation','217');
INSERT INTO Company(Name,Location,Industry,CompanyID) VALUES ('Wayfair','San Jose','Retail','436');
INSERT INTO Company(Name,Location,Industry,CompanyID) VALUES ('Wayfair','San Diego','Entertainment','184');
INSERT INTO Company(Name,Location,Industry,CompanyID) VALUES ('Wayfair','San Antonio','Hospitality','701');
INSERT INTO Company(Name,Location,Industry,CompanyID) VALUES ('Fidelity Investments','Houston','Healthcare','433');
INSERT INTO Company(Name,Location,Industry,CompanyID) VALUES ('Fidelity Investments','New York','Entertainment','318');
INSERT INTO Company(Name,Location,Industry,CompanyID) VALUES ('Massachusetts General Hospital','San Diego','Manufacturing','238');
INSERT INTO Company(Name,Location,Industry,CompanyID) VALUES ('Harvard University','San Jose','Retail','760');
INSERT INTO Company(Name,Location,Industry,CompanyID) VALUES ('Harvard University','San Jose','Healthcare','714');
INSERT INTO Company(Name,Location,Industry,CompanyID) VALUES ('Boston Consulting Group','Dallas','Construction','773');
INSERT INTO Company(Name,Location,Industry,CompanyID) VALUES ('Fidelity Investments','San Diego','Technology','152');
INSERT INTO Company(Name,Location,Industry,CompanyID) VALUES ('Massachusetts General Hospital','San Antonio','Retail','357');
INSERT INTO Company(Name,Location,Industry,CompanyID) VALUES ('Boston Consulting Group','San Jose','Finance','629');
INSERT INTO Company(Name,Location,Industry,CompanyID) VALUES ('Wayfair','Dallas','Education','509');
INSERT INTO Company(Name,Location,Industry,CompanyID) VALUES ('Massachusetts General Hospital','San Diego','Entertainment','128');
INSERT INTO Company(Name,Location,Industry,CompanyID) VALUES ('Massachusetts General Hospital','Los Angeles','Transportation','178');
INSERT INTO Company(Name,Location,Industry,CompanyID) VALUES ('Boston Consulting Group','Dallas','Education','158');
INSERT INTO Company(Name,Location,Industry,CompanyID) VALUES ('Boston Consulting Group','Philadelphia','Manufacturing','881');



-- ADDING THE MOCK DATA INTO THE COMPANY RECRUITER
INSERT INTO Company_Recruiter(LastName,FirstName,Email,Position,RecruiterID) VALUES ('Hindhaugh','Kain','khindhaugh0@goodreads.com','Hiring Manager',267);
INSERT INTO Company_Recruiter(LastName,FirstName,Email,Position,RecruiterID) VALUES ('Arkill','Pippa','parkill1@gmpg.org','Hiring Manager',502);
INSERT INTO Company_Recruiter(LastName,FirstName,Email,Position,RecruiterID) VALUES ('Baal','Cecil','cbaal2@ihg.com','Technical Recruiter',315);
INSERT INTO Company_Recruiter(LastName,FirstName,Email,Position,RecruiterID) VALUES ('Edon','Carlye','cedon3@github.com','Recruiter',992);
INSERT INTO Company_Recruiter(LastName,FirstName,Email,Position,RecruiterID) VALUES ('Leebetter','Portia','pleebetter4@google.it','Technical Recruiter',718);
INSERT INTO Company_Recruiter(LastName,FirstName,Email,Position,RecruiterID) VALUES ('Grigor','Shanan','sgrigor5@mit.edu','Recruiter',571);
INSERT INTO Company_Recruiter(LastName,FirstName,Email,Position,RecruiterID) VALUES ('Bengochea','Jessy','jbengochea6@imgur.com','Hiring Manager',368);
INSERT INTO Company_Recruiter(LastName,FirstName,Email,Position,RecruiterID) VALUES ('Diboll','Daniella','ddiboll7@sciencedirect.com','Hiring Manager',326);
INSERT INTO Company_Recruiter(LastName,FirstName,Email,Position,RecruiterID) VALUES ('Botley','Matty','mbotley8@rediff.com','Hiring Manager',699);
INSERT INTO Company_Recruiter(LastName,FirstName,Email,Position,RecruiterID) VALUES ('Bau','Forster','fbau9@godaddy.com','Hiring Manager',929);
INSERT INTO Company_Recruiter(LastName,FirstName,Email,Position,RecruiterID) VALUES ('Branthwaite','Melantha','mbranthwaitea@nationalgeographic.com','Recruiter',125);
INSERT INTO Company_Recruiter(LastName,FirstName,Email,Position,RecruiterID) VALUES ('Leadbitter','Sher','sleadbitterb@cloudflare.com','Hiring Manager',977);
INSERT INTO Company_Recruiter(LastName,FirstName,Email,Position,RecruiterID) VALUES ('Pittson','Rhys','rpittsonc@phpbb.com','Recruiter',438);
INSERT INTO Company_Recruiter(LastName,FirstName,Email,Position,RecruiterID) VALUES ('Fearey','Alida','afeareyd@chronoengine.com','Hiring Manager',201);
INSERT INTO Company_Recruiter(LastName,FirstName,Email,Position,RecruiterID) VALUES ('Tolcher','Jocko','jtolchere@ycombinator.com','Technical Recruiter',192);
INSERT INTO Company_Recruiter(LastName,FirstName,Email,Position,RecruiterID) VALUES ('Schneidar','Isidro','ischneidarf@naver.com','Recruiter',650);
INSERT INTO Company_Recruiter(LastName,FirstName,Email,Position,RecruiterID) VALUES ('Moehler','Fredrick','fmoehlerg@nih.gov','Hiring Manager',524);
INSERT INTO Company_Recruiter(LastName,FirstName,Email,Position,RecruiterID) VALUES ('Taffs','Noe','ntaffsh@vinaora.com','Recruiter',314);
INSERT INTO Company_Recruiter(LastName,FirstName,Email,Position,RecruiterID) VALUES ('Wybourne','Aldon','awybournei@apache.org','Hiring Manager',924);
INSERT INTO Company_Recruiter(LastName,FirstName,Email,Position,RecruiterID) VALUES ('Siemantel','Corry','csiemantelj@patch.com','Technical Recruiter',309);
INSERT INTO Company_Recruiter(LastName,FirstName,Email,Position,RecruiterID) VALUES ('Knuckles','Dore','dknucklesk@4shared.com','Technical Recruiter',130);
INSERT INTO Company_Recruiter(LastName,FirstName,Email,Position,RecruiterID) VALUES ('Nassau','Ignatius','inassaul@ifeng.com','Hiring Manager',671);
INSERT INTO Company_Recruiter(LastName,FirstName,Email,Position,RecruiterID) VALUES ('Reilly','Maighdiln','mreillym@imageshack.us','Recruiter',421);
INSERT INTO Company_Recruiter(LastName,FirstName,Email,Position,RecruiterID) VALUES ('McGeraghty','Raina','rmcgeraghtyn@indiegogo.com','Recruiter',588);
INSERT INTO Company_Recruiter(LastName,FirstName,Email,Position,RecruiterID) VALUES ('Barefoot','Liana','lbarefooto@cpanel.net','Hiring Manager',903);
INSERT INTO Company_Recruiter(LastName,FirstName,Email,Position,RecruiterID) VALUES ('Kapelhof','Nerte','nkapelhofp@list-manage.com','Hiring Manager',947);
INSERT INTO Company_Recruiter(LastName,FirstName,Email,Position,RecruiterID) VALUES ('Taw','Paulette','ptawq@narod.ru','Recruiter',983);
INSERT INTO Company_Recruiter(LastName,FirstName,Email,Position,RecruiterID) VALUES ('Dyshart','Theodosia','tdyshartr@privacy.gov.au','Recruiter',652);
INSERT INTO Company_Recruiter(LastName,FirstName,Email,Position,RecruiterID) VALUES ('Foxhall','Jillian','jfoxhalls@google.cn','Technical Recruiter',919);
INSERT INTO Company_Recruiter(LastName,FirstName,Email,Position,RecruiterID) VALUES ('Godwin','Evelin','egodwint@blogspot.com','Hiring Manager',838);
INSERT INTO Company_Recruiter(LastName,FirstName,Email,Position,RecruiterID) VALUES ('Laraway','Cosme','clarawayu@creativecommons.org','Recruiter',926);
INSERT INTO Company_Recruiter(LastName,FirstName,Email,Position,RecruiterID) VALUES ('Karlsson','Alysia','akarlssonv@t.co','Recruiter',102);
INSERT INTO Company_Recruiter(LastName,FirstName,Email,Position,RecruiterID) VALUES ('Monte','Hogan','hmontew@amazon.co.uk','Hiring Manager',216);
INSERT INTO Company_Recruiter(LastName,FirstName,Email,Position,RecruiterID) VALUES ('Shearme','Sal','sshearmex@multiply.com','Technical Recruiter',258);
INSERT INTO Company_Recruiter(LastName,FirstName,Email,Position,RecruiterID) VALUES ('Wheelhouse','Anna','awheelhousey@java.com','Hiring Manager',344);
INSERT INTO Company_Recruiter(LastName,FirstName,Email,Position,RecruiterID) VALUES ('Dobrovsky','Odell','odobrovskyz@abc.net.au','Hiring Manager',870);
INSERT INTO Company_Recruiter(LastName,FirstName,Email,Position,RecruiterID) VALUES ('Dufty','Daniel','ddufty10@thetimes.co.uk','Technical Recruiter',578);
INSERT INTO Company_Recruiter(LastName,FirstName,Email,Position,RecruiterID) VALUES ('Probart','Arni','aprobart11@liveinternet.ru','Hiring Manager',787);
INSERT INTO Company_Recruiter(LastName,FirstName,Email,Position,RecruiterID) VALUES ('De Fries','Janene','jdefries12@spotify.com','Recruiter',892);
INSERT INTO Company_Recruiter(LastName,FirstName,Email,Position,RecruiterID) VALUES ('Spikins','Melodee','mspikins13@tumblr.com','Recruiter',147);
-- INSERTING THE MOCK DATA INTO Recruiters_List

INSERT INTO Recruiters_List(CompanyID,RecruiterID) VALUES (917,671);
INSERT INTO Recruiters_List(CompanyID,RecruiterID) VALUES (760,502);
INSERT INTO Recruiters_List(CompanyID,RecruiterID) VALUES (152,870);
INSERT INTO Recruiters_List(CompanyID,RecruiterID) VALUES (382,926);
INSERT INTO Recruiters_List(CompanyID,RecruiterID) VALUES (436,926);
INSERT INTO Recruiters_List(CompanyID,RecruiterID) VALUES (509,201);
INSERT INTO Recruiters_List(CompanyID,RecruiterID) VALUES (899,652);
INSERT INTO Recruiters_List(CompanyID,RecruiterID) VALUES (357,588);
INSERT INTO Recruiters_List(CompanyID,RecruiterID) VALUES (238,258);
INSERT INTO Recruiters_List(CompanyID,RecruiterID) VALUES (520,267);
INSERT INTO Recruiters_List(CompanyID,RecruiterID) VALUES (433,983);
INSERT INTO Recruiters_List(CompanyID,RecruiterID) VALUES (714,892);
INSERT INTO Recruiters_List(CompanyID,RecruiterID) VALUES (181,309);
INSERT INTO Recruiters_List(CompanyID,RecruiterID) VALUES (701,421);
INSERT INTO Recruiters_List(CompanyID,RecruiterID) VALUES (509,315);
INSERT INTO Recruiters_List(CompanyID,RecruiterID) VALUES (520,652);
INSERT INTO Recruiters_List(CompanyID,RecruiterID) VALUES (520,650);
INSERT INTO Recruiters_List(CompanyID,RecruiterID) VALUES (881,258);
INSERT INTO Recruiters_List(CompanyID,RecruiterID) VALUES (238,977);
INSERT INTO Recruiters_List(CompanyID,RecruiterID) VALUES (881,588);
INSERT INTO Recruiters_List(CompanyID,RecruiterID) VALUES (436,524);
INSERT INTO Recruiters_List(CompanyID,RecruiterID) VALUES (830,309);
INSERT INTO Recruiters_List(CompanyID,RecruiterID) VALUES (357,929);
INSERT INTO Recruiters_List(CompanyID,RecruiterID) VALUES (999,892);
INSERT INTO Recruiters_List(CompanyID,RecruiterID) VALUES (433,192);
INSERT INTO Recruiters_List(CompanyID,RecruiterID) VALUES (629,977);
INSERT INTO Recruiters_List(CompanyID,RecruiterID) VALUES (952,524);
INSERT INTO Recruiters_List(CompanyID,RecruiterID) VALUES (181,130);
INSERT INTO Recruiters_List(CompanyID,RecruiterID) VALUES (773,650);
INSERT INTO Recruiters_List(CompanyID,RecruiterID) VALUES (710,838);
INSERT INTO Recruiters_List(CompanyID,RecruiterID) VALUES (760,983);
INSERT INTO Recruiters_List(CompanyID,RecruiterID) VALUES (128,502);
INSERT INTO Recruiters_List(CompanyID,RecruiterID) VALUES (701,368);
INSERT INTO Recruiters_List(CompanyID,RecruiterID) VALUES (899,125);
INSERT INTO Recruiters_List(CompanyID,RecruiterID) VALUES (318,924);
INSERT INTO Recruiters_List(CompanyID,RecruiterID) VALUES (238,201);
INSERT INTO Recruiters_List(CompanyID,RecruiterID) VALUES (952,125);
INSERT INTO Recruiters_List(CompanyID,RecruiterID) VALUES (899,315);
INSERT INTO Recruiters_List(CompanyID,RecruiterID) VALUES (318,671);
INSERT INTO Recruiters_List(CompanyID,RecruiterID) VALUES (217,147);

-- ADDING THE Position Table Mock Data
INSERT INTO `Position`(`Name`,`Description`,`IsCoop`,`PositionID`) VALUES ('Software Engineer','Participated in meetings and presentations',0,7007);
INSERT INTO `Position`(`Name`,`Description`,`IsCoop`,`PositionID`) VALUES ('Sales Associate','Assisted with research projects',1,6179);
INSERT INTO `Position`(`Name`,`Description`,`IsCoop`,`PositionID`)VALUES ('Marketing Manager','Assisted with research projects',0,1512);
INSERT INTO `Position`(`Name`,`Description`,`IsCoop`,`PositionID`) VALUES ('Graphic Designer','Analyzed data and created reports',0,4499);
INSERT INTO `Position`(`Name`,`Description`,`IsCoop`,`PositionID`) VALUES ('Sales Associate','Collaborated with team members on various tasks',0,3432);
INSERT INTO `Position`(`Name`,`Description`,`IsCoop`,`PositionID`) VALUES ('Graphic Designer','Analyzed data and created reports',0,8114);
INSERT INTO `Position`(`Name`,`Description`,`IsCoop`,`PositionID`) VALUES ('Software Engineer','Developed marketing materials',1,9453);
INSERT INTO `Position`(`Name`,`Description`,`IsCoop`,`PositionID`) VALUES ('Graphic Designer','Developed marketing materials',0,9035);
INSERT INTO `Position`(`Name`,`Description`,`IsCoop`,`PositionID`) VALUES ('Marketing Manager','Collaborated with team members on various tasks',0,4316);
INSERT INTO `Position`(`Name`,`Description`,`IsCoop`,`PositionID`) VALUES ('Software Engineer','Analyzed data and created reports',1,8926);
INSERT INTO `Position`(`Name`,`Description`,`IsCoop`,`PositionID`) VALUES ('Software Engineer','Analyzed data and created reports',0,8858);
INSERT INTO `Position`(`Name`,`Description`,`IsCoop`,`PositionID`) VALUES ('Sales Associate','Participated in meetings and presentations',0,6021);
INSERT INTO `Position`(`Name`,`Description`,`IsCoop`,`PositionID`) VALUES ('Graphic Designer','Assisted with research projects',0,2397);
INSERT INTO `Position`(`Name`,`Description`,`IsCoop`,`PositionID`) VALUES ('Sales Associate','Participated in meetings and presentations',1,3443);
INSERT INTO `Position`(`Name`,`Description`,`IsCoop`,`PositionID`) VALUES ('Sales Associate','Developed marketing materials',0,9262);
INSERT INTO `Position`(`Name`,`Description`,`IsCoop`,`PositionID`) VALUES ('HR Specialist','Collaborated with team members on various tasks',0,8966);
INSERT INTO `Position`(`Name`,`Description`,`IsCoop`,`PositionID`) VALUES ('Software Engineer','Assisted with research projects',1,8263);
INSERT INTO `Position`(`Name`,`Description`,`IsCoop`,`PositionID`) VALUES ('Marketing Manager','Collaborated with team members on various tasks',1,2708);
INSERT INTO `Position`(`Name`,`Description`,`IsCoop`,`PositionID`) VALUES ('Sales Associate','Collaborated with team members on various tasks',1,5427);
INSERT INTO `Position`(`Name`,`Description`,`IsCoop`,`PositionID`) VALUES ('Sales Associate','Collaborated with team members on various tasks',1,3357);
INSERT INTO `Position`(`Name`,`Description`,`IsCoop`,`PositionID`) VALUES ('Graphic Designer','Developed marketing materials',1,5223);
INSERT INTO `Position`(`Name`,`Description`,`IsCoop`,`PositionID`) VALUES ('Marketing Manager','Assisted with research projects',1,4982);
INSERT INTO `Position`(`Name`,`Description`,`IsCoop`,`PositionID`) VALUES ('Graphic Designer','Assisted with research projects',0,2359);
INSERT INTO `Position`(`Name`,`Description`,`IsCoop`,`PositionID`) VALUES ('Sales Associate','Developed marketing materials',1,2226);
INSERT INTO `Position`(`Name`,`Description`,`IsCoop`,`PositionID`) VALUES ('Marketing Manager','Analyzed data and created reports',1,8341);
INSERT INTO `Position`(`Name`,`Description`,`IsCoop`,`PositionID`) VALUES ('HR Specialist','Assisted with research projects',0,5778);
INSERT INTO `Position`(`Name`,`Description`,`IsCoop`,`PositionID`) VALUES ('HR Specialist','Analyzed data and created reports',1,6620);
INSERT INTO `Position`(`Name`,`Description`,`IsCoop`,`PositionID`) VALUES ('Software Engineer','Assisted with research projects',1,5153);
INSERT INTO `Position`(`Name`,`Description`,`IsCoop`,`PositionID`)VALUES ('Marketing Manager','Developed marketing materials',1,8111);
INSERT INTO `Position`(`Name`,`Description`,`IsCoop`,`PositionID`)VALUES ('Marketing Manager','Assisted with research projects',1,7621);
INSERT INTO `Position`(`Name`,`Description`,`IsCoop`,`PositionID`) VALUES ('Software Engineer','Assisted with research projects',1,9745);
INSERT INTO `Position`(`Name`,`Description`,`IsCoop`,`PositionID`)VALUES ('Sales Associate','Assisted with research projects',1,9776);
INSERT INTO `Position`(`Name`,`Description`,`IsCoop`,`PositionID`) VALUES ('Sales Associate','Participated in meetings and presentations',0,6867);
INSERT INTO `Position`(`Name`,`Description`,`IsCoop`,`PositionID`) VALUES ('Graphic Designer','Assisted with research projects',0,3847);
INSERT INTO `Position`(`Name`,`Description`,`IsCoop`,`PositionID`) VALUES ('Software Engineer','Analyzed data and created reports',1,6242);

-- INSERTING MOCK DATA FOR Positions_Offered
INSERT INTO Positions_Offered(CompanyID,PositionID) VALUES (863,4499);
INSERT INTO Positions_Offered(CompanyID,PositionID) VALUES (536,5153);
INSERT INTO Positions_Offered(CompanyID,PositionID) VALUES (235,8114);
INSERT INTO Positions_Offered(CompanyID,PositionID) VALUES (181,8926);
INSERT INTO Positions_Offered(CompanyID,PositionID) VALUES (520,9035);
INSERT INTO Positions_Offered(CompanyID,PositionID) VALUES (129,2397);
INSERT INTO Positions_Offered(CompanyID,PositionID) VALUES (184,4499);
INSERT INTO Positions_Offered(CompanyID,PositionID) VALUES (952,3847);
INSERT INTO Positions_Offered(CompanyID,PositionID) VALUES (881,5153);
INSERT INTO Positions_Offered(CompanyID,PositionID) VALUES (158,8114);
INSERT INTO Positions_Offered(CompanyID,PositionID) VALUES (436,5223);
INSERT INTO Positions_Offered(CompanyID,PositionID) VALUES (760,9262);
INSERT INTO Positions_Offered(CompanyID,PositionID) VALUES (760,7621);
INSERT INTO Positions_Offered(CompanyID,PositionID) VALUES (654,5778);
INSERT INTO Positions_Offered(CompanyID,PositionID) VALUES (217,6867);
INSERT INTO Positions_Offered(CompanyID,PositionID) VALUES (184,9262);
INSERT INTO Positions_Offered(CompanyID,PositionID) VALUES (760,4316);
INSERT INTO Positions_Offered(CompanyID,PositionID) VALUES (917,6021);
INSERT INTO Positions_Offered(CompanyID,PositionID) VALUES (382,8341);
INSERT INTO Positions_Offered(CompanyID,PositionID) VALUES (629,8966);
INSERT INTO Positions_Offered(CompanyID,PositionID) VALUES (701,5427);
INSERT INTO Positions_Offered(CompanyID,PositionID) VALUES (773,8858);
INSERT INTO Positions_Offered(CompanyID,PositionID) VALUES (357,6179);
INSERT INTO Positions_Offered(CompanyID,PositionID) VALUES (158,5427);
INSERT INTO Positions_Offered(CompanyID,PositionID) VALUES (863,2708);
INSERT INTO Positions_Offered(CompanyID,PositionID) VALUES (760,6620);
INSERT INTO Positions_Offered(CompanyID,PositionID) VALUES (714,2226);
INSERT INTO Positions_Offered(CompanyID,PositionID) VALUES (178,8263);
INSERT INTO Positions_Offered(CompanyID,PositionID) VALUES (773,5223);
INSERT INTO Positions_Offered(CompanyID,PositionID) VALUES (357,3443);
INSERT INTO Positions_Offered(CompanyID,PositionID) VALUES (952,7007);
INSERT INTO Positions_Offered(CompanyID,PositionID) VALUES (509,5153);
INSERT INTO Positions_Offered(CompanyID,PositionID) VALUES (701,8111);
INSERT INTO Positions_Offered(CompanyID,PositionID) VALUES (520,3432);
INSERT INTO Positions_Offered(CompanyID,PositionID) VALUES (318,7621);

-- ADDING MOCK DATA FOR Posts
INSERT INTO Post(AuthorID,Title,Slug,Content,PublishedAT,PostID) VALUES (14,'The Power of Personal Branding','cmcpitp-61','Networking event next week!','2024-07-26',346);
INSERT INTO Post(AuthorID,Title,Slug,Content,PublishedAT,PostID) VALUES (101,'Mastering the Art of Public Speaking','ixjylh-70','Tips for career growth','2024-05-27',849);
INSERT INTO Post(AuthorID,Title,Slug,Content,PublishedAT,PostID) VALUES (30,'The Power of Personal Branding','danizmd-21','Tips for career growth','2024-04-22',795);
INSERT INTO Post(AuthorID,Title,Slug,Content,PublishedAT,PostID) VALUES (63,'How to Ace Your Job Interview','gevwg-73','Networking event next week!','2024-06-09',209);
INSERT INTO Post(AuthorID,Title,Slug,Content,PublishedAT,PostID) VALUES (33,'How to Ace Your Job Interview','bdzvloxt-03','Exciting new job opportunity!','2024-09-06',716);
INSERT INTO Post(AuthorID,Title,Slug,Content,PublishedAT,PostID) VALUES (40,'Building a Strong LinkedIn Profile','vrmox-44','Company culture spotlight','2024-11-03',136);
INSERT INTO Post(AuthorID,Title,Slug,Content,PublishedAT,PostID) VALUES (50,'Mastering the Art of Public Speaking','dpqmgwoqt-41','Company culture spotlight','2024-01-06',604);
INSERT INTO Post(AuthorID,Title,Slug,Content,PublishedAT,PostID) VALUES (83,'How to Ace Your Job Interview','gfchsruaw-69','Exciting new job opportunity!','2024-02-06',645);
INSERT INTO Post(AuthorID,Title,Slug,Content,PublishedAT,PostID) VALUES (55,'5 Tips for Networking Success','mzhszxrb-87','Company culture spotlight','2024-09-14',276);
INSERT INTO Post(AuthorID,Title,Slug,Content,PublishedAT,PostID) VALUES (77,'5 Tips for Networking Success','bxppccngwm-92','Networking event next week!','2024-12-10',210);
INSERT INTO Post(AuthorID,Title,Slug,Content,PublishedAT,PostID) VALUES (96,'How to Ace Your Job Interview','zwoup-82','Tips for career growth','2024-02-16',744);
INSERT INTO Post(AuthorID,Title,Slug,Content,PublishedAT,PostID) VALUES (29,'Mastering the Art of Public Speaking','ynqtqqre-56','Exciting new job opportunity!','2024-12-04',110);
INSERT INTO Post(AuthorID,Title,Slug,Content,PublishedAT,PostID) VALUES (98,'5 Tips for Networking Success','kmsrpf-03','Tips for career growth','2024-03-27',495);
INSERT INTO Post(AuthorID,Title,Slug,Content,PublishedAT,PostID) VALUES (21,'The Power of Personal Branding','tyrou-92','Networking event next week!','2024-09-30',835);
INSERT INTO Post(AuthorID,Title,Slug,Content,PublishedAT,PostID) VALUES (113,'How to Ace Your Job Interview','illijh-63','Tips for career growth','2024-02-09',747);
INSERT INTO Post(AuthorID,Title,Slug,Content,PublishedAT,PostID) VALUES (99,'Mastering the Art of Public Speaking','ftptm-60','Company culture spotlight','2024-10-11',974);
INSERT INTO Post(AuthorID,Title,Slug,Content,PublishedAT,PostID) VALUES (59,'How to Ace Your Job Interview','dnxpbice-16','Networking event next week!','2024-12-22',657);
INSERT INTO Post(AuthorID,Title,Slug,Content,PublishedAT,PostID) VALUES (40,'Building a Strong LinkedIn Profile','nzngvpg-06','Exciting new job opportunity!','2024-02-01',204);
INSERT INTO Post(AuthorID,Title,Slug,Content,PublishedAT,PostID) VALUES (108,'How to Ace Your Job Interview','dyaofocd-47','Networking event next week!','2024-01-31',459);
INSERT INTO Post(AuthorID,Title,Slug,Content,PublishedAT,PostID) VALUES (35,'How to Ace Your Job Interview','eutxrdlo-71','Exciting new job opportunity!','2024-05-21',223);
INSERT INTO Post(AuthorID,Title,Slug,Content,PublishedAT,PostID) VALUES (15,'5 Tips for Networking Success','imbkspr-09','Networking event next week!','2024-12-17',734);
INSERT INTO Post(AuthorID,Title,Slug,Content,PublishedAT,PostID) VALUES (65,'5 Tips for Networking Success','kvevdudhju-71','Exciting new job opportunity!','2024-02-01',924);
INSERT INTO Post(AuthorID,Title,Slug,Content,PublishedAT,PostID) VALUES (30,'Mastering the Art of Public Speaking','quhpvvutsy-13','Company culture spotlight','2024-01-24',829);
INSERT INTO Post(AuthorID,Title,Slug,Content,PublishedAT,PostID) VALUES (70,'Mastering the Art of Public Speaking','jblfnmiikf-05','Tips for career growth','2024-04-19',617);
INSERT INTO Post(AuthorID,Title,Slug,Content,PublishedAT,PostID) VALUES (37,'Mastering the Art of Public Speaking','maqqn-95','Tips for career growth','2024-06-15',848);
INSERT INTO Post(AuthorID,Title,Slug,Content,PublishedAT,PostID) VALUES (32,'The Power of Personal Branding','omrzpj-38','Exciting new job opportunity!','2024-08-05',399);
INSERT INTO Post(AuthorID,Title,Slug,Content,PublishedAT,PostID) VALUES (49,'The Power of Personal Branding','bnfypzgnrb-51','Company culture spotlight','2024-08-15',523);
INSERT INTO Post(AuthorID,Title,Slug,Content,PublishedAT,PostID) VALUES (20,'How to Ace Your Job Interview','qiimr-57','Tips for career growth','2024-10-26',300);
INSERT INTO Post(AuthorID,Title,Slug,Content,PublishedAT,PostID) VALUES (30,'Mastering the Art of Public Speaking','esvkvdz-09','Networking event next week!','2024-05-05',430);
INSERT INTO Post(AuthorID,Title,Slug,Content,PublishedAT,PostID) VALUES (86,'The Power of Personal Branding','culxi-54','Tips for career growth','2024-06-26',412);
INSERT INTO Post(AuthorID,Title,Slug,Content,PublishedAT,PostID) VALUES (103,'The Power of Personal Branding','vpram-33','Networking event next week!','2024-11-06',869);
INSERT INTO Post(AuthorID,Title,Slug,Content,PublishedAT,PostID) VALUES (111,'Mastering the Art of Public Speaking','epeompniq-76','Networking event next week!','2024-10-06',656);
INSERT INTO Post(AuthorID,Title,Slug,Content,PublishedAT,PostID) VALUES (67,'The Power of Personal Branding','xnsmiep-98','Exciting new job opportunity!','2024-03-05',886);
INSERT INTO Post(AuthorID,Title,Slug,Content,PublishedAT,PostID) VALUES (38,'How to Ace Your Job Interview','dgjwed-60','Tips for career growth','2024-02-04',628);
INSERT INTO Post(AuthorID,Title,Slug,Content,PublishedAT,PostID) VALUES (85,'Building a Strong LinkedIn Profile','dfpfeun-17','Tips for career growth','2024-05-27',448);


-- INSERTING MOCK DATA FOR Post_Comments
-- ADDING MOCK DATA FOR Post_Commment
INSERT INTO Post_Comment(AuthorID,Content,PublishedAt,CommentID) VALUES (77,'Well said!','2024-04-17',0836);
INSERT INTO Post_Comment(AuthorID,Content,PublishedAt,CommentID) VALUES (32,'Well said!','2024-02-05',7193);
INSERT INTO Post_Comment(AuthorID,Content,PublishedAt,CommentID) VALUES (40,'Great post!','2024-12-06',3641);
INSERT INTO Post_Comment(AuthorID,Content,PublishedAt,CommentID) VALUES (38,'Well said!','2024-02-23',0679);
INSERT INTO Post_Comment(AuthorID,Content,PublishedAt,CommentID) VALUES (20,'Thanks for sharing.','2024-10-16',0832);
INSERT INTO Post_Comment(AuthorID,Content,PublishedAt,CommentID) VALUES (33,'Great post!','2024-02-04',2770);
INSERT INTO Post_Comment(AuthorID,Content,PublishedAt,CommentID) VALUES (30,'I agree with this.','2024-12-13',8364);
INSERT INTO Post_Comment(AuthorID,Content,PublishedAt,CommentID) VALUES (83,'Well said!','2024-07-22',8321);
INSERT INTO Post_Comment(AuthorID,Content,PublishedAt,CommentID) VALUES (96,'Great post!','2024-05-27',6558);
INSERT INTO Post_Comment(AuthorID,Content,PublishedAt,CommentID) VALUES (21,'I agree with this.','2024-08-31',4771);
INSERT INTO Post_Comment(AuthorID,Content,PublishedAt,CommentID) VALUES (113,'Thanks for sharing.','2024-12-17',9806);
INSERT INTO Post_Comment(AuthorID,Content,PublishedAt,CommentID) VALUES (101,'I agree with this.','2024-03-22',6342);
INSERT INTO Post_Comment(AuthorID,Content,PublishedAt,CommentID) VALUES (29,'Thanks for sharing.','2024-09-04',5404);
INSERT INTO Post_Comment(AuthorID,Content,PublishedAt,CommentID) VALUES (108,'Great post!','2024-05-02',0280);
INSERT INTO Post_Comment(AuthorID,Content,PublishedAt,CommentID) VALUES (38,'Well said!','2024-03-12',0437);
INSERT INTO Post_Comment(AuthorID,Content,PublishedAt,CommentID) VALUES (83,'I agree with this.','2024-01-07',4362);
INSERT INTO Post_Comment(AuthorID,Content,PublishedAt,CommentID) VALUES (40,'Interesting topic.','2024-12-02',6990);
INSERT INTO Post_Comment(AuthorID,Content,PublishedAt,CommentID) VALUES (99,'Interesting topic.','2024-05-21',7674);
INSERT INTO Post_Comment(AuthorID,Content,PublishedAt,CommentID) VALUES (83,'Interesting topic.','2024-01-12',2882);
INSERT INTO Post_Comment(AuthorID,Content,PublishedAt,CommentID) VALUES (30,'Thanks for sharing.','2024-07-03',5022);
INSERT INTO Post_Comment(AuthorID,Content,PublishedAt,CommentID) VALUES (85,'Thanks for sharing.','2024-11-03',6805);
INSERT INTO Post_Comment(AuthorID,Content,PublishedAt,CommentID) VALUES (65,'I agree with this.','2024-04-05',4976);
INSERT INTO Post_Comment(AuthorID,Content,PublishedAt,CommentID) VALUES (55,'Great post!','2024-12-01',5569);
INSERT INTO Post_Comment(AuthorID,Content,PublishedAt,CommentID) VALUES (103,'Interesting topic.','2024-01-11',1277);
INSERT INTO Post_Comment(AuthorID,Content,PublishedAt,CommentID) VALUES (21,'Well said!','2024-09-10',0477);
INSERT INTO Post_Comment(AuthorID,Content,PublishedAt,CommentID) VALUES (38,'I agree with this.','2024-10-31',3279);
INSERT INTO Post_Comment(AuthorID,Content,PublishedAt,CommentID) VALUES (67,'Thanks for sharing.','2024-10-22',7657);
INSERT INTO Post_Comment(AuthorID,Content,PublishedAt,CommentID) VALUES (29,'Thanks for sharing.','2024-03-14',0643);
INSERT INTO Post_Comment(AuthorID,Content,PublishedAt,CommentID) VALUES (63,'Interesting topic.','2024-03-07',5616);
INSERT INTO Post_Comment(AuthorID,Content,PublishedAt,CommentID) VALUES (98,'I agree with this.','2024-06-08',8898);
INSERT INTO Post_Comment(AuthorID,Content,PublishedAt,CommentID) VALUES (65,'Thanks for sharing.','2024-08-29',4435);
INSERT INTO Post_Comment(AuthorID,Content,PublishedAt,CommentID) VALUES (101,'Great post!','2024-02-10',7954);
INSERT INTO Post_Comment(AuthorID,Content,PublishedAt,CommentID) VALUES (50,'I agree with this.','2024-02-29',8281);
INSERT INTO Post_Comment(AuthorID,Content,PublishedAt,CommentID) VALUES (37,'I agree with this.','2024-02-14',2015);
INSERT INTO Post_Comment(AuthorID,Content,PublishedAt,CommentID) VALUES (30,'Well said!','2024-11-26',5201);
INSERT INTO Post_Comment(AuthorID,Content,PublishedAt,CommentID) VALUES (30,'Well said!','2024-09-29',5324);
INSERT INTO Post_Comment(AuthorID,Content,PublishedAt,CommentID) VALUES (86,'I agree with this.','2024-09-05',5827);
INSERT INTO Post_Comment(AuthorID,Content,PublishedAt,CommentID) VALUES (103,'Thanks for sharing.','2024-02-06',0108);
INSERT INTO Post_Comment(AuthorID,Content,PublishedAt,CommentID) VALUES (35,'Interesting topic.','2024-07-10',7050);
INSERT INTO Post_Comment(AuthorID,Content,PublishedAt,CommentID) VALUES (38,'Well said!','2024-07-19',3194);
INSERT INTO Post_Comment(AuthorID,Content,PublishedAt,CommentID) VALUES (21,'Great post!','2024-07-09',6378);
INSERT INTO Post_Comment(AuthorID,Content,PublishedAt,CommentID) VALUES (35,'Well said!','2024-03-18',7815);
INSERT INTO Post_Comment(AuthorID,Content,PublishedAt,CommentID) VALUES (70,'Great post!','2024-03-14',1035);
INSERT INTO Post_Comment(AuthorID,Content,PublishedAt,CommentID) VALUES (29,'I agree with this.','2024-12-17',2982);
INSERT INTO Post_Comment(AuthorID,Content,PublishedAt,CommentID) VALUES (83,'Interesting topic.','2024-09-08',1989);
INSERT INTO Post_Comment(AuthorID,Content,PublishedAt,CommentID) VALUES (30,'Interesting topic.','2024-02-09',9922);
INSERT INTO Post_Comment(AuthorID,Content,PublishedAt,CommentID) VALUES (96,'Well said!','2024-12-01',9065);
INSERT INTO Post_Comment(AuthorID,Content,PublishedAt,CommentID) VALUES (33,'Well said!','2024-09-16',8914);
INSERT INTO Post_Comment(AuthorID,Content,PublishedAt,CommentID) VALUES (85,'Well said!','2024-10-08',9610);
INSERT INTO Post_Comment(AuthorID,Content,PublishedAt,CommentID) VALUES (21,'Thanks for sharing.','2024-07-02',9931);
INSERT INTO Post_Comment(AuthorID,Content,PublishedAt,CommentID) VALUES (63,'I agree with this.','2024-08-17',2096);
INSERT INTO Post_Comment(AuthorID,Content,PublishedAt,CommentID) VALUES (83,'Great post!','2024-08-25',2048);
INSERT INTO Post_Comment(AuthorID,Content,PublishedAt,CommentID) VALUES (59,'Thanks for sharing.','2024-08-20',6021);
INSERT INTO Post_Comment(AuthorID,Content,PublishedAt,CommentID) VALUES (67,'Great post!','2024-03-20',1246);
INSERT INTO Post_Comment(AuthorID,Content,PublishedAt,CommentID) VALUES (96,'Great post!','2024-08-28',6331);
INSERT INTO Post_Comment(AuthorID,Content,PublishedAt,CommentID) VALUES (108,'Interesting topic.','2024-07-24',8020);
INSERT INTO Post_Comment(AuthorID,Content,PublishedAt,CommentID) VALUES (30,'Thanks for sharing.','2024-08-16',5174);
INSERT INTO Post_Comment(AuthorID,Content,PublishedAt,CommentID) VALUES (86,'Great post!','2024-06-02',4819);
INSERT INTO Post_Comment(AuthorID,Content,PublishedAt,CommentID) VALUES (108,'I agree with this.','2024-10-03',0962);
INSERT INTO Post_Comment(AuthorID,Content,PublishedAt,CommentID) VALUES (113,'I agree with this.','2024-07-11',2596);
INSERT INTO Post_Comment(AuthorID,Content,PublishedAt,CommentID) VALUES (96,'Great post!','2024-05-09',0295);
INSERT INTO Post_Comment(AuthorID,Content,PublishedAt,CommentID) VALUES (113,'Interesting topic.','2024-10-30',0419);
INSERT INTO Post_Comment(AuthorID,Content,PublishedAt,CommentID) VALUES (29,'Well said!','2024-11-17',1313);
INSERT INTO Post_Comment(AuthorID,Content,PublishedAt,CommentID) VALUES (55,'Great post!','2024-12-18',0855);
INSERT INTO Post_Comment(AuthorID,Content,PublishedAt,CommentID) VALUES (59,'I agree with this.','2024-10-09',7789);
INSERT INTO Post_Comment(AuthorID,Content,PublishedAt,CommentID) VALUES (30,'Great post!','2024-08-18',2491);
INSERT INTO Post_Comment(AuthorID,Content,PublishedAt,CommentID) VALUES (99,'Interesting topic.','2024-12-02',8053);
INSERT INTO Post_Comment(AuthorID,Content,PublishedAt,CommentID) VALUES (30,'Great post!','2024-05-02',9859);
INSERT INTO Post_Comment(AuthorID,Content,PublishedAt,CommentID) VALUES (113,'Well said!','2024-08-07',6016);
INSERT INTO Post_Comment(AuthorID,Content,PublishedAt,CommentID) VALUES (30,'Well said!','2024-07-07',4390);
INSERT INTO Post_Comment(AuthorID,Content,PublishedAt,CommentID) VALUES (15,'I agree with this.','2024-08-31',2106);
INSERT INTO Post_Comment(AuthorID,Content,PublishedAt,CommentID) VALUES (40,'Interesting topic.','2024-07-23',5133);
INSERT INTO Post_Comment(AuthorID,Content,PublishedAt,CommentID) VALUES (108,'Great post!','2024-02-25',3920);
INSERT INTO Post_Comment(AuthorID,Content,PublishedAt,CommentID) VALUES (49,'Thanks for sharing.','2024-09-13',1960);
INSERT INTO Post_Comment(AuthorID,Content,PublishedAt,CommentID) VALUES (67,'I agree with this.','2024-01-04',4525);
INSERT INTO Post_Comment(AuthorID,Content,PublishedAt,CommentID) VALUES (63,'Well said!','2024-07-12',7088);
INSERT INTO Post_Comment(AuthorID,Content,PublishedAt,CommentID) VALUES (85,'Well said!','2024-10-25',2877);
INSERT INTO Post_Comment(AuthorID,Content,PublishedAt,CommentID) VALUES (70,'Great post!','2024-05-07',8209);
INSERT INTO Post_Comment(AuthorID,Content,PublishedAt,CommentID) VALUES (35,'Great post!','2024-07-07',7544);
INSERT INTO Post_Comment(AuthorID,Content,PublishedAt,CommentID) VALUES (50,'Great post!','2024-09-17',8983);
INSERT INTO Post_Comment(AuthorID,Content,PublishedAt,CommentID) VALUES (70,'Well said!','2024-01-25',6542);
INSERT INTO Post_Comment(AuthorID,Content,PublishedAt,CommentID) VALUES (33,'I agree with this.','2024-09-03',7926);
INSERT INTO Post_Comment(AuthorID,Content,PublishedAt,CommentID) VALUES (29,'Well said!','2024-10-13',1795);
INSERT INTO Post_Comment(AuthorID,Content,PublishedAt,CommentID) VALUES (50,'Great post!','2024-07-10',7090);
INSERT INTO Post_Comment(AuthorID,Content,PublishedAt,CommentID) VALUES (96,'Interesting topic.','2024-06-20',7405);
INSERT INTO Post_Comment(AuthorID,Content,PublishedAt,CommentID) VALUES (35,'Thanks for sharing.','2024-05-30',4398);
INSERT INTO Post_Comment(AuthorID,Content,PublishedAt,CommentID) VALUES (65,'I agree with this.','2024-05-16',9977);
INSERT INTO Post_Comment(AuthorID,Content,PublishedAt,CommentID) VALUES (98,'Thanks for sharing.','2024-04-10',0727);
INSERT INTO Post_Comment(AuthorID,Content,PublishedAt,CommentID) VALUES (108,'Great post!','2024-05-11',7555);
INSERT INTO Post_Comment(AuthorID,Content,PublishedAt,CommentID) VALUES (14,'Thanks for sharing.','2024-06-22',4217);
INSERT INTO Post_Comment(AuthorID,Content,PublishedAt,CommentID) VALUES (30,'Great post!','2024-09-05',4820);
INSERT INTO Post_Comment(AuthorID,Content,PublishedAt,CommentID) VALUES (50,'Thanks for sharing.','2024-01-06',8708);
INSERT INTO Post_Comment(AuthorID,Content,PublishedAt,CommentID) VALUES (20,'Great post!','2024-01-30',6874);
INSERT INTO Post_Comment(AuthorID,Content,PublishedAt,CommentID) VALUES (20,'Thanks for sharing.','2024-03-08',8306);
INSERT INTO Post_Comment(AuthorID,Content,PublishedAt,CommentID) VALUES (70,'Great post!','2024-07-19',4702);
INSERT INTO Post_Comment(AuthorID,Content,PublishedAt,CommentID) VALUES (38,'Thanks for sharing.','2024-05-05',2423);
INSERT INTO Post_Comment(AuthorID,Content,PublishedAt,CommentID) VALUES (49,'Interesting topic.','2024-05-27',0654);
INSERT INTO Post_Comment(AuthorID,Content,PublishedAt,CommentID) VALUES (86,'Interesting topic.','2024-03-29',2656);
INSERT INTO Post_Comment(AuthorID,Content,PublishedAt,CommentID) VALUES (35,'Interesting topic.','2024-08-08',9358);
INSERT INTO Post_Comment(AuthorID,Content,PublishedAt,CommentID) VALUES (40,'Great post!','2024-03-24',7934);


-- INSERTING MOCK DATA INTO Comments_Made
INSERT INTO Comments_Made(PostID,CommentID) VALUES (716,0836);
INSERT INTO Comments_Made(PostID,CommentID) VALUES (448,7193);
INSERT INTO Comments_Made(PostID,CommentID) VALUES (744,3641);
INSERT INTO Comments_Made(PostID,CommentID) VALUES (656,0679);
INSERT INTO Comments_Made(PostID,CommentID) VALUES (886,0832);
INSERT INTO Comments_Made(PostID,CommentID) VALUES (495,2770);
INSERT INTO Comments_Made(PostID,CommentID) VALUES (346,8364);
INSERT INTO Comments_Made(PostID,CommentID) VALUES (657,8321);
INSERT INTO Comments_Made(PostID,CommentID) VALUES (346,6558);
INSERT INTO Comments_Made(PostID,CommentID) VALUES (495,4771);
INSERT INTO Comments_Made(PostID,CommentID) VALUES (204,9806);
INSERT INTO Comments_Made(PostID,CommentID) VALUES (523,6342);
INSERT INTO Comments_Made(PostID,CommentID) VALUES (459,5404);
INSERT INTO Comments_Made(PostID,CommentID) VALUES (795,0280);
INSERT INTO Comments_Made(PostID,CommentID) VALUES (886,0437);
INSERT INTO Comments_Made(PostID,CommentID) VALUES (204,4362);
INSERT INTO Comments_Made(PostID,CommentID) VALUES (849,6990);
INSERT INTO Comments_Made(PostID,CommentID) VALUES (223,7674);
INSERT INTO Comments_Made(PostID,CommentID) VALUES (657,2882);
INSERT INTO Comments_Made(PostID,CommentID) VALUES (795,5022);
INSERT INTO Comments_Made(PostID,CommentID) VALUES (459,6805);
INSERT INTO Comments_Made(PostID,CommentID) VALUES (209,4976);
INSERT INTO Comments_Made(PostID,CommentID) VALUES (974,5569);
INSERT INTO Comments_Made(PostID,CommentID) VALUES (734,1277);
INSERT INTO Comments_Made(PostID,CommentID) VALUES (869,0477);
INSERT INTO Comments_Made(PostID,CommentID) VALUES (459,3279);
INSERT INTO Comments_Made(PostID,CommentID) VALUES (136,7657);
INSERT INTO Comments_Made(PostID,CommentID) VALUES (276,0643);
INSERT INTO Comments_Made(PostID,CommentID) VALUES (136,5616);
INSERT INTO Comments_Made(PostID,CommentID) VALUES (495,8898);
INSERT INTO Comments_Made(PostID,CommentID) VALUES (604,4435);
INSERT INTO Comments_Made(PostID,CommentID) VALUES (869,7954);
INSERT INTO Comments_Made(PostID,CommentID) VALUES (657,8281);
INSERT INTO Comments_Made(PostID,CommentID) VALUES (136,2015);
INSERT INTO Comments_Made(PostID,CommentID) VALUES (747,5201);
INSERT INTO Comments_Made(PostID,CommentID) VALUES (848,5324);
INSERT INTO Comments_Made(PostID,CommentID) VALUES (223,5827);
INSERT INTO Comments_Made(PostID,CommentID) VALUES (974,0108);
INSERT INTO Comments_Made(PostID,CommentID) VALUES (848,7050);
INSERT INTO Comments_Made(PostID,CommentID) VALUES (747,3194);
INSERT INTO Comments_Made(PostID,CommentID) VALUES (829,6378);
INSERT INTO Comments_Made(PostID,CommentID) VALUES (459,7815);
INSERT INTO Comments_Made(PostID,CommentID) VALUES (276,1035);
INSERT INTO Comments_Made(PostID,CommentID) VALUES (399,2982);
INSERT INTO Comments_Made(PostID,CommentID) VALUES (645,1989);
INSERT INTO Comments_Made(PostID,CommentID) VALUES (734,9922);
INSERT INTO Comments_Made(PostID,CommentID) VALUES (223,9065);
INSERT INTO Comments_Made(PostID,CommentID) VALUES (835,8914);
INSERT INTO Comments_Made(PostID,CommentID) VALUES (412,9610);
INSERT INTO Comments_Made(PostID,CommentID) VALUES (209,9931);
INSERT INTO Comments_Made(PostID,CommentID) VALUES (744,2096);
INSERT INTO Comments_Made(PostID,CommentID) VALUES (399,2048);
INSERT INTO Comments_Made(PostID,CommentID) VALUES (744,6021);
INSERT INTO Comments_Made(PostID,CommentID) VALUES (657,1246);
INSERT INTO Comments_Made(PostID,CommentID) VALUES (716,6331);
INSERT INTO Comments_Made(PostID,CommentID) VALUES (744,8020);
INSERT INTO Comments_Made(PostID,CommentID) VALUES (136,5174);
INSERT INTO Comments_Made(PostID,CommentID) VALUES (412,4819);
INSERT INTO Comments_Made(PostID,CommentID) VALUES (744,0962);
INSERT INTO Comments_Made(PostID,CommentID) VALUES (204,2596);
INSERT INTO Comments_Made(PostID,CommentID) VALUES (210,0295);
INSERT INTO Comments_Made(PostID,CommentID) VALUES (848,0419);
INSERT INTO Comments_Made(PostID,CommentID) VALUES (747,1313);
INSERT INTO Comments_Made(PostID,CommentID) VALUES (974,0855);
INSERT INTO Comments_Made(PostID,CommentID) VALUES (523,7789);
INSERT INTO Comments_Made(PostID,CommentID) VALUES (849,2491);
INSERT INTO Comments_Made(PostID,CommentID) VALUES (300,8053);
INSERT INTO Comments_Made(PostID,CommentID) VALUES (657,9859);
INSERT INTO Comments_Made(PostID,CommentID) VALUES (448,6016);
INSERT INTO Comments_Made(PostID,CommentID) VALUES (346,4390);
INSERT INTO Comments_Made(PostID,CommentID) VALUES (459,2106);
INSERT INTO Comments_Made(PostID,CommentID) VALUES (523,5133);
INSERT INTO Comments_Made(PostID,CommentID) VALUES (848,3920);
INSERT INTO Comments_Made(PostID,CommentID) VALUES (276,1960);
INSERT INTO Comments_Made(PostID,CommentID) VALUES (110,4525);
INSERT INTO Comments_Made(PostID,CommentID) VALUES (657,7088);
INSERT INTO Comments_Made(PostID,CommentID) VALUES (223,2877);
INSERT INTO Comments_Made(PostID,CommentID) VALUES (110,8209);
INSERT INTO Comments_Made(PostID,CommentID) VALUES (886,7544);
INSERT INTO Comments_Made(PostID,CommentID) VALUES (495,8983);
INSERT INTO Comments_Made(PostID,CommentID) VALUES (869,6542);
INSERT INTO Comments_Made(PostID,CommentID) VALUES (747,7926);
INSERT INTO Comments_Made(PostID,CommentID) VALUES (210,1795);
INSERT INTO Comments_Made(PostID,CommentID) VALUES (747,7090);
INSERT INTO Comments_Made(PostID,CommentID) VALUES (136,7405);
INSERT INTO Comments_Made(PostID,CommentID) VALUES (747,4398);
INSERT INTO Comments_Made(PostID,CommentID) VALUES (657,9977);
INSERT INTO Comments_Made(PostID,CommentID) VALUES (744,0727);
INSERT INTO Comments_Made(PostID,CommentID) VALUES (869,7555);
INSERT INTO Comments_Made(PostID,CommentID) VALUES (924,4217);
INSERT INTO Comments_Made(PostID,CommentID) VALUES (734,4820);
INSERT INTO Comments_Made(PostID,CommentID) VALUES (645,8708);
INSERT INTO Comments_Made(PostID,CommentID) VALUES (734,6874);
INSERT INTO Comments_Made(PostID,CommentID) VALUES (628,8306);
INSERT INTO Comments_Made(PostID,CommentID) VALUES (886,4702);
INSERT INTO Comments_Made(PostID,CommentID) VALUES (136,2423);
INSERT INTO Comments_Made(PostID,CommentID) VALUES (734,0654);
INSERT INTO Comments_Made(PostID,CommentID) VALUES (448,2656);
INSERT INTO Comments_Made(PostID,CommentID) VALUES (645,9358);
INSERT INTO Comments_Made(PostID,CommentID) VALUES (744,7934);



-- INSERTING MOCK DATA FOR User_Admin

INSERT INTO User_Admin(UserID,FirstName,LastName,Email,isActive,LastLogin,AdminID) VALUES (91,'Aymer','Ferrolli','aferrolli0@wikimedia.org',0,'2024-06-17',566);
INSERT INTO User_Admin(UserID,FirstName,LastName,Email,isActive,LastLogin,AdminID) VALUES (92,'Engelbert','Mockler','emockler1@usa.gov',1,'2024-10-15',349);
INSERT INTO User_Admin(UserID,FirstName,LastName,Email,isActive,LastLogin,AdminID) VALUES (93,'Leopold','Lorraway','llorraway2@cmu.edu',1,'2024-02-24',479);
INSERT INTO User_Admin(UserID,FirstName,LastName,Email,isActive,LastLogin,AdminID) VALUES (94,'Catie','Gothard','cgothard3@loc.gov',1,'2024-10-27',727);
INSERT INTO User_Admin(UserID,FirstName,LastName,Email,isActive,LastLogin,AdminID) VALUES (95,'Sheffy','Kemmet','skemmet4@yahoo.com',0,'2024-12-01',557);
INSERT INTO User_Admin(UserID,FirstName,LastName,Email,isActive,LastLogin,AdminID) VALUES (96,'Rene','Manford','rmanford5@vinaora.com',1,'2024-11-22',562);
INSERT INTO User_Admin(UserID,FirstName,LastName,Email,isActive,LastLogin,AdminID) VALUES (97,'Rowland','Bagnold','rbagnold6@boston.com',1,'2024-05-05',549);
INSERT INTO User_Admin(UserID,FirstName,LastName,Email,isActive,LastLogin,AdminID) VALUES (99,'Isabelita','Dilleway','idilleway7@surveymonkey.com',0,'2024-07-04',384);
INSERT INTO User_Admin(UserID,FirstName,LastName,Email,isActive,LastLogin,AdminID) VALUES (99,'Quinn','O'' Kelleher','qokelleher8@canalblog.com',1,'2024-10-11',550);
INSERT INTO User_Admin(UserID,FirstName,LastName,Email,isActive,LastLogin,AdminID) VALUES (100,'Rozamond','Crock','rcrock9@indiegogo.com',1,'2024-04-26',877);
INSERT INTO User_Admin(UserID,FirstName,LastName,Email,isActive,LastLogin,AdminID) VALUES (101,'Sky','McRitchie','smcritchiea@arizona.edu',0,'2024-04-02',773);
INSERT INTO User_Admin(UserID,FirstName,LastName,Email,isActive,LastLogin,AdminID) VALUES (102,'Heall','Nuschke','hnuschkeb@gmpg.org',1,'2024-06-26',680);
INSERT INTO User_Admin(UserID,FirstName,LastName,Email,isActive,LastLogin,AdminID) VALUES (103,'Noami','Filimore','nfilimorec@xing.com',1,'2024-07-28',437);
INSERT INTO User_Admin(UserID,FirstName,LastName,Email,isActive,LastLogin,AdminID) VALUES (104,'Ingunna','Farady','ifaradyd@feedburner.com',1,'2024-07-18',946);
INSERT INTO User_Admin(UserID,FirstName,LastName,Email,isActive,LastLogin,AdminID) VALUES (105,'Lynsey','Corten','lcortene@youtube.com',0,'2024-02-04',988);
INSERT INTO User_Admin(UserID,FirstName,LastName,Email,isActive,LastLogin,AdminID) VALUES (106,'Sarina','Cerie','scerief@liveinternet.ru',0,'2024-12-02',463);
INSERT INTO User_Admin(UserID,FirstName,LastName,Email,isActive,LastLogin,AdminID) VALUES (107,'Chip','Dabney','cdabneyg@businessweek.com',0,'2024-08-10',107);
INSERT INTO User_Admin(UserID,FirstName,LastName,Email,isActive,LastLogin,AdminID) VALUES (108,'Carlota','Freyne','cfreyneh@aol.com',0,'2024-07-11',735);
INSERT INTO User_Admin(UserID,FirstName,LastName,Email,isActive,LastLogin,AdminID) VALUES (109,'Marget','Sexty','msextyi@g.co',0,'2024-05-05',226);
INSERT INTO User_Admin(UserID,FirstName,LastName,Email,isActive,LastLogin,AdminID) VALUES (110,'Gerek','Salterne','gsalternej@narod.ru',1,'2024-01-26',196);
INSERT INTO User_Admin(UserID,FirstName,LastName,Email,isActive,LastLogin,AdminID) VALUES (111,'Davy','Yakolev','dyakolevk@craigslist.org',0,'2024-07-07',482);
INSERT INTO User_Admin(UserID,FirstName,LastName,Email,isActive,LastLogin,AdminID) VALUES (112,'Moll','Balsillie','mbalsilliel@sciencedirect.com',0,'2024-11-19',524);
INSERT INTO User_Admin(UserID,FirstName,LastName,Email,isActive,LastLogin,AdminID) VALUES (113,'Jacquenetta','Gatus','jgatusm@ebay.co.uk',0,'2024-02-04',458);
INSERT INTO User_Admin(UserID,FirstName,LastName,Email,isActive,LastLogin,AdminID) VALUES (114,'Drusilla','Coyle','dcoylen@t.co',0,'2024-08-22',809);
INSERT INTO User_Admin(UserID,FirstName,LastName,Email,isActive,LastLogin,AdminID) VALUES (115,'Rufus','Biset','rbiseto@yolasite.com',0,'2024-05-27',382);
INSERT INTO User_Admin(UserID,FirstName,LastName,Email,isActive,LastLogin,AdminID) VALUES (116,'Stephani','Gorst','sgorstp@cpanel.net',0,'2024-06-18',483); #SWITCHED HERE 482 TO 483
INSERT INTO User_Admin(UserID,FirstName,LastName,Email,isActive,LastLogin,AdminID) VALUES (117,'Berne','Fitzroy','bfitzroyq@wix.com',1,'2024-08-01',127);
INSERT INTO User_Admin(UserID,FirstName,LastName,Email,isActive,LastLogin,AdminID) VALUES (118,'Harlie','Porcher','hporcherr@github.io',0,'2024-11-22',665);

-- ADDING Reports Mock Data
INSERT INTO Reports(UserReported,AnsweredBy,Status,Reason,ReportID) VALUES (30,988,'resolved','Violating user guidelines',351);
INSERT INTO Reports(UserReported,AnsweredBy,Status,Reason,ReportID) VALUES (12,550,'pending','Inappropriate content',406);
INSERT INTO Reports(UserReported,AnsweredBy,Status,Reason,ReportID) VALUES (105,557,'resolved','Violating user guidelines',870);
INSERT INTO Reports(UserReported,AnsweredBy,Status,Reason,ReportID) VALUES (114,550,'pending','Violating user guidelines',337);
INSERT INTO Reports(UserReported,AnsweredBy,Status,Reason,ReportID) VALUES (24,773,'pending','Spam behavior',969);
INSERT INTO Reports(UserReported,AnsweredBy,Status,Reason,ReportID) VALUES (64,437,'pending','Inappropriate content',488);--#MADE ANSWEREDBY 437
INSERT INTO Reports(UserReported,AnsweredBy,Status,Reason,ReportID) VALUES (108,437,'pending','Offensive language',657);   --#MADE ANSWEREDBY 437
INSERT INTO Reports(UserReported,AnsweredBy,Status,Reason,ReportID) VALUES (54,562,'pending','Inappropriate content',347);
INSERT INTO Reports(UserReported,AnsweredBy,Status,Reason,ReportID) VALUES (1,437,'resolved','Spam behavior',672);
INSERT INTO Reports(UserReported,AnsweredBy,Status,Reason,ReportID) VALUES (90,946,'pending','Inappropriate content',325);
INSERT INTO Reports(UserReported,AnsweredBy,Status,Reason,ReportID) VALUES (118,482,'pending','Offensive language',342);
INSERT INTO Reports(UserReported,AnsweredBy,Status,Reason,ReportID) VALUES (46,549,'pending','Offensive language',127);
INSERT INTO Reports(UserReported,AnsweredBy,Status,Reason,ReportID) VALUES (79,458,'resolved','Spam behavior',205);
INSERT INTO Reports(UserReported,AnsweredBy,Status,Reason,ReportID) VALUES (114,809,'resolved','Inappropriate content',323);
INSERT INTO Reports(UserReported,AnsweredBy,Status,Reason,ReportID) VALUES (81,665,'pending','Violating user guidelines',317);
INSERT INTO Reports(UserReported,AnsweredBy,Status,Reason,ReportID) VALUES (85,735,'pending','Offensive language',472);
INSERT INTO Reports(UserReported,AnsweredBy,Status,Reason,ReportID) VALUES (26,566,'pending','Violating user guidelines',252);
INSERT INTO Reports(UserReported,AnsweredBy,Status,Reason,ReportID) VALUES (43,809,'pending','Inappropriate content',929);
INSERT INTO Reports(UserReported,AnsweredBy,Status,Reason,ReportID) VALUES (4,482,'pending','Offensive language',950);
INSERT INTO Reports(UserReported,AnsweredBy,Status,Reason,ReportID) VALUES (2,988,'resolved','Violating user guidelines',648);
INSERT INTO Reports(UserReported,AnsweredBy,Status,Reason,ReportID) VALUES (97,463,'pending','Inappropriate content',469);
INSERT INTO Reports(UserReported,AnsweredBy,Status,Reason,ReportID) VALUES (7,727,'pending','Spam behavior',368);
INSERT INTO Reports(UserReported,AnsweredBy,Status,Reason,ReportID) VALUES (111,680,'resolved','Violating user guidelines',424);
INSERT INTO Reports(UserReported,AnsweredBy,Status,Reason,ReportID) VALUES (26,735,'resolved','Offensive language',195);
INSERT INTO Reports(UserReported,AnsweredBy,Status,Reason,ReportID) VALUES (61,524,'pending','Violating user guidelines',315);
INSERT INTO Reports(UserReported,AnsweredBy,Status,Reason,ReportID) VALUES (30,479,'resolved','Inappropriate content',263);
INSERT INTO Reports(UserReported,AnsweredBy,Status,Reason,ReportID) VALUES (90,809,'resolved','Offensive language',101);
INSERT INTO Reports(UserReported,AnsweredBy,Status,Reason,ReportID) VALUES (48,946,'resolved','Spam behavior',984);
INSERT INTO Reports(UserReported,AnsweredBy,Status,Reason,ReportID) VALUES (89,988,'resolved','Inappropriate content',504);
INSERT INTO Reports(UserReported,AnsweredBy,Status,Reason,ReportID) VALUES (113,458,'resolved','Spam behavior',487);

-- INSERTING INTO Reports_Made
INSERT INTO Reports_Made(UserID,ReportID) VALUES (30,351);
INSERT INTO Reports_Made(UserID,ReportID) VALUES (12,406);
INSERT INTO Reports_Made(UserID,ReportID) VALUES (105,870);
INSERT INTO Reports_Made(UserID,ReportID) VALUES (114,337);
INSERT INTO Reports_Made(UserID,ReportID) VALUES (24,969);
INSERT INTO Reports_Made(UserID,ReportID) VALUES (64,488);
INSERT INTO Reports_Made(UserID,ReportID) VALUES (108,657);
INSERT INTO Reports_Made(UserID,ReportID) VALUES (54,347);
INSERT INTO Reports_Made(UserID,ReportID) VALUES (1,672);
INSERT INTO Reports_Made(UserID,ReportID) VALUES (90,325);
INSERT INTO Reports_Made(UserID,ReportID) VALUES (118,342);
INSERT INTO Reports_Made(UserID,ReportID) VALUES (46,127);
INSERT INTO Reports_Made(UserID,ReportID) VALUES (79,205);
INSERT INTO Reports_Made(UserID,ReportID) VALUES (114,323);
INSERT INTO Reports_Made(UserID,ReportID) VALUES (81,317);
INSERT INTO Reports_Made(UserID,ReportID) VALUES (85,472);
INSERT INTO Reports_Made(UserID,ReportID) VALUES (26,252);
INSERT INTO Reports_Made(UserID,ReportID) VALUES (43,929);
INSERT INTO Reports_Made(UserID,ReportID) VALUES (4,950);
INSERT INTO Reports_Made(UserID,ReportID) VALUES (2,648);
INSERT INTO Reports_Made(UserID,ReportID) VALUES (97,469);
INSERT INTO Reports_Made(UserID,ReportID) VALUES (7,368);
INSERT INTO Reports_Made(UserID,ReportID) VALUES (111,424);
INSERT INTO Reports_Made(UserID,ReportID) VALUES (26,195);
INSERT INTO Reports_Made(UserID,ReportID) VALUES (61,315);
INSERT INTO Reports_Made(UserID,ReportID) VALUES (30,263);
INSERT INTO Reports_Made(UserID,ReportID) VALUES (90,101);
INSERT INTO Reports_Made(UserID,ReportID) VALUES (48,984);
INSERT INTO Reports_Made(UserID,ReportID) VALUES (89,504);
INSERT INTO Reports_Made(UserID,ReportID) VALUES (113,487);